code,lines,functions,loops,conditions,variables,loop_depth,time_complexity,space_complexity,quality_score
"def calculate_sum(numbers):
    return sum(numbers)

numbers = list(range(20))
result = calculate_sum(numbers)
print(result)",5,1,0,0,2,0,O(1),O(1),100
"def search(numbers, target):

    for number in numbers:

        if number == target:
            return True

    return False

numbers = list(range(21))
result = search(numbers, 1)
print(result)",8,1,1,1,2,1,O(n),O(1),87
"def analyze_numbers(numbers):

    result = []

    for number in numbers:

        if number > 7:

            if number % 2 == 0:
                result.append(number * 2)

            else:
                result.append(number + 1)

    return result

numbers = list(range(12))
result = analyze_numbers(numbers)
print(result)",12,1,1,2,3,1,O(n),O(n),80
"def classify(numbers):

    result = []

    for number in numbers:

        if number > 10:
            if number > 20:
                if number > 30:
                    if number > 40:
                        if number > 50:
                            result.append(
                                ""very-large""
                            )

    return result

numbers = list(range(6))
result = classify(numbers)
print(result)",15,1,1,5,3,1,O(n),O(n),59
"def find_max(numbers):
    return max(numbers)

numbers = list(range(24))
result = find_max(numbers)
print(result)",5,1,0,0,2,0,O(1),O(1),100
"def search(numbers, target):

    for number in numbers:

        if number == target:
            return True

    return False

numbers = list(range(25))
result = search(numbers, 5)
print(result)",8,1,1,1,2,1,O(n),O(1),85
"def analyze_numbers(numbers):

    result = []

    for number in numbers:

        if number > 11:

            if number % 2 == 0:
                result.append(number * 2)

            else:
                result.append(number + 1)

    return result

numbers = list(range(16))
result = analyze_numbers(numbers)
print(result)",12,1,1,2,3,1,O(n),O(n),78
"def classify(numbers):

    result = []

    for number in numbers:

        if number > 10:
            if number > 20:
                if number > 30:
                    if number > 40:
                        if number > 50:
                            result.append(
                                ""very-large""
                            )

    return result

numbers = list(range(10))
result = classify(numbers)
print(result)",15,1,1,5,3,1,O(n),O(n),64
"def filter_numbers(numbers):
    return [
        number for number in numbers
        if number > 18
    ]

numbers = list(range(28))
result = filter_numbers(numbers)
print(result)",8,1,0,0,2,0,O(1),O(n),100
"def search(numbers, target):

    for number in numbers:

        if number == target:
            return True

    return False

numbers = list(range(29))
result = search(numbers, 9)
print(result)",8,1,1,1,2,1,O(n),O(1),87
"def analyze_numbers(numbers):

    result = []

    for number in numbers:

        if number > 15:

            if number % 2 == 0:
                result.append(number * 2)

            else:
                result.append(number + 1)

    return result

numbers = list(range(20))
result = analyze_numbers(numbers)
print(result)",12,1,1,2,3,1,O(n),O(n),71
"def classify(numbers):

    result = []

    for number in numbers:

        if number > 10:
            if number > 20:
                if number > 30:
                    if number > 40:
                        if number > 50:
                            result.append(
                                ""very-large""
                            )

    return result

numbers = list(range(4))
result = classify(numbers)
print(result)",15,1,1,5,3,1,O(n),O(n),54
"def calculate_sum(numbers):
    return sum(numbers)

numbers = list(range(32))
result = calculate_sum(numbers)
print(result)",5,1,0,0,2,0,O(1),O(1),100
"def search(numbers, target):

    for number in numbers:

        if number == target:
            return True

    return False

numbers = list(range(33))
result = search(numbers, 13)
print(result)",8,1,1,1,2,1,O(n),O(1),88
"def analyze_numbers(numbers):

    result = []

    for number in numbers:

        if number > 19:

            if number % 2 == 0:
                result.append(number * 2)

            else:
                result.append(number + 1)

    return result

numbers = list(range(24))
result = analyze_numbers(numbers)
print(result)",12,1,1,2,3,1,O(n),O(n),79
"def classify(numbers):

    result = []

    for number in numbers:

        if number > 10:
            if number > 20:
                if number > 30:
                    if number > 40:
                        if number > 50:
                            result.append(
                                ""very-large""
                            )

    return result

numbers = list(range(8))
result = classify(numbers)
print(result)",15,1,1,5,3,1,O(n),O(n),61
"def find_max(numbers):
    return max(numbers)

numbers = list(range(36))
result = find_max(numbers)
print(result)",5,1,0,0,2,0,O(1),O(1),100
"def search(numbers, target):

    for number in numbers:

        if number == target:
            return True

    return False

numbers = list(range(37))
result = search(numbers, 17)
print(result)",8,1,1,1,2,1,O(n),O(1),88
"def analyze_numbers(numbers):

    result = []

    for number in numbers:

        if number > 23:

            if number % 2 == 0:
                result.append(number * 2)

            else:
                result.append(number + 1)

    return result

numbers = list(range(28))
result = analyze_numbers(numbers)
print(result)",12,1,1,2,3,1,O(n),O(n),72
"def classify(numbers):

    result = []

    for number in numbers:

        if number > 10:
            if number > 20:
                if number > 30:
                    if number > 40:
                        if number > 50:
                            result.append(
                                ""very-large""
                            )

    return result

numbers = list(range(12))
result = classify(numbers)
print(result)",15,1,1,5,3,1,O(n),O(n),61
"def filter_numbers(numbers):
    return [
        number for number in numbers
        if number > 30
    ]

numbers = list(range(40))
result = filter_numbers(numbers)
print(result)",8,1,0,0,2,0,O(1),O(n),100
"def search(numbers, target):

    for number in numbers:

        if number == target:
            return True

    return False

numbers = list(range(41))
result = search(numbers, 21)
print(result)",8,1,1,1,2,1,O(n),O(1),82
"def analyze_numbers(numbers):

    result = []

    for number in numbers:

        if number > 27:

            if number % 2 == 0:
                result.append(number * 2)

            else:
                result.append(number + 1)

    return result

numbers = list(range(32))
result = analyze_numbers(numbers)
print(result)",12,1,1,2,3,1,O(n),O(n),77
"def classify(numbers):

    result = []

    for number in numbers:

        if number > 10:
            if number > 20:
                if number > 30:
                    if number > 40:
                        if number > 50:
                            result.append(
                                ""very-large""
                            )

    return result

numbers = list(range(6))
result = classify(numbers)
print(result)",15,1,1,5,3,1,O(n),O(n),53
"def calculate_sum(numbers):
    return sum(numbers)

numbers = list(range(44))
result = calculate_sum(numbers)
print(result)",5,1,0,0,2,0,O(1),O(1),100
"def search(numbers, target):

    for number in numbers:

        if number == target:
            return True

    return False

numbers = list(range(45))
result = search(numbers, 25)
print(result)",8,1,1,1,2,1,O(n),O(1),84
"def analyze_numbers(numbers):

    result = []

    for number in numbers:

        if number > 31:

            if number % 2 == 0:
                result.append(number * 2)

            else:
                result.append(number + 1)

    return result

numbers = list(range(36))
result = analyze_numbers(numbers)
print(result)",12,1,1,2,3,1,O(n),O(n),80
"def classify(numbers):

    result = []

    for number in numbers:

        if number > 10:
            if number > 20:
                if number > 30:
                    if number > 40:
                        if number > 50:
                            result.append(
                                ""very-large""
                            )

    return result

numbers = list(range(10))
result = classify(numbers)
print(result)",15,1,1,5,3,1,O(n),O(n),62
"def find_max(numbers):
    return max(numbers)

numbers = list(range(48))
result = find_max(numbers)
print(result)",5,1,0,0,2,0,O(1),O(1),100
"def search(numbers, target):

    for number in numbers:

        if number == target:
            return True

    return False

numbers = list(range(49))
result = search(numbers, 29)
print(result)",8,1,1,1,2,1,O(n),O(1),82
"def analyze_numbers(numbers):

    result = []

    for number in numbers:

        if number > 5:

            if number % 2 == 0:
                result.append(number * 2)

            else:
                result.append(number + 1)

    return result

numbers = list(range(40))
result = analyze_numbers(numbers)
print(result)",12,1,1,2,3,1,O(n),O(n),75
"def classify(numbers):

    result = []

    for number in numbers:

        if number > 10:
            if number > 20:
                if number > 30:
                    if number > 40:
                        if number > 50:
                            result.append(
                                ""very-large""
                            )

    return result

numbers = list(range(4))
result = classify(numbers)
print(result)",15,1,1,5,3,1,O(n),O(n),59
"def filter_numbers(numbers):
    return [
        number for number in numbers
        if number > 42
    ]

numbers = list(range(52))
result = filter_numbers(numbers)
print(result)",8,1,0,0,2,0,O(1),O(n),100
"def search(numbers, target):

    for number in numbers:

        if number == target:
            return True

    return False

numbers = list(range(53))
result = search(numbers, 33)
print(result)",8,1,1,1,2,1,O(n),O(1),85
"def analyze_numbers(numbers):

    result = []

    for number in numbers:

        if number > 9:

            if number % 2 == 0:
                result.append(number * 2)

            else:
                result.append(number + 1)

    return result

numbers = list(range(44))
result = analyze_numbers(numbers)
print(result)",12,1,1,2,3,1,O(n),O(n),75
"def classify(numbers):

    result = []

    for number in numbers:

        if number > 10:
            if number > 20:
                if number > 30:
                    if number > 40:
                        if number > 50:
                            result.append(
                                ""very-large""
                            )

    return result

numbers = list(range(8))
result = classify(numbers)
print(result)",15,1,1,5,3,1,O(n),O(n),64
"def calculate_sum(numbers):
    return sum(numbers)

numbers = list(range(56))
result = calculate_sum(numbers)
print(result)",5,1,0,0,2,0,O(1),O(1),100
"def search(numbers, target):

    for number in numbers:

        if number == target:
            return True

    return False

numbers = list(range(57))
result = search(numbers, 37)
print(result)",8,1,1,1,2,1,O(n),O(1),82
"def analyze_numbers(numbers):

    result = []

    for number in numbers:

        if number > 13:

            if number % 2 == 0:
                result.append(number * 2)

            else:
                result.append(number + 1)

    return result

numbers = list(range(48))
result = analyze_numbers(numbers)
print(result)",12,1,1,2,3,1,O(n),O(n),79
"def classify(numbers):

    result = []

    for number in numbers:

        if number > 10:
            if number > 20:
                if number > 30:
                    if number > 40:
                        if number > 50:
                            result.append(
                                ""very-large""
                            )

    return result

numbers = list(range(12))
result = classify(numbers)
print(result)",15,1,1,5,3,1,O(n),O(n),56
"def find_max(numbers):
    return max(numbers)

numbers = list(range(60))
result = find_max(numbers)
print(result)",5,1,0,0,2,0,O(1),O(1),100
"def search(numbers, target):

    for number in numbers:

        if number == target:
            return True

    return False

numbers = list(range(61))
result = search(numbers, 41)
print(result)",8,1,1,1,2,1,O(n),O(1),84
"def analyze_numbers(numbers):

    result = []

    for number in numbers:

        if number > 17:

            if number % 2 == 0:
                result.append(number * 2)

            else:
                result.append(number + 1)

    return result

numbers = list(range(52))
result = analyze_numbers(numbers)
print(result)",12,1,1,2,3,1,O(n),O(n),80
"def classify(numbers):

    result = []

    for number in numbers:

        if number > 10:
            if number > 20:
                if number > 30:
                    if number > 40:
                        if number > 50:
                            result.append(
                                ""very-large""
                            )

    return result

numbers = list(range(6))
result = classify(numbers)
print(result)",15,1,1,5,3,1,O(n),O(n),53
"def filter_numbers(numbers):
    return [
        number for number in numbers
        if number > 54
    ]

numbers = list(range(64))
result = filter_numbers(numbers)
print(result)",8,1,0,0,2,0,O(1),O(n),100
"def search(numbers, target):

    for number in numbers:

        if number == target:
            return True

    return False

numbers = list(range(65))
result = search(numbers, 45)
print(result)",8,1,1,1,2,1,O(n),O(1),87
"def analyze_numbers(numbers):

    result = []

    for number in numbers:

        if number > 21:

            if number % 2 == 0:
                result.append(number * 2)

            else:
                result.append(number + 1)

    return result

numbers = list(range(56))
result = analyze_numbers(numbers)
print(result)",12,1,1,2,3,1,O(n),O(n),74
"def classify(numbers):

    result = []

    for number in numbers:

        if number > 10:
            if number > 20:
                if number > 30:
                    if number > 40:
                        if number > 50:
                            result.append(
                                ""very-large""
                            )

    return result

numbers = list(range(10))
result = classify(numbers)
print(result)",15,1,1,5,3,1,O(n),O(n),65
"def calculate_sum(numbers):
    return sum(numbers)

numbers = list(range(68))
result = calculate_sum(numbers)
print(result)",5,1,0,0,2,0,O(1),O(1),100
"def search(numbers, target):

    for number in numbers:

        if number == target:
            return True

    return False

numbers = list(range(69))
result = search(numbers, 49)
print(result)",8,1,1,1,2,1,O(n),O(1),84
"def analyze_numbers(numbers):

    result = []

    for number in numbers:

        if number > 25:

            if number % 2 == 0:
                result.append(number * 2)

            else:
                result.append(number + 1)

    return result

numbers = list(range(10))
result = analyze_numbers(numbers)
print(result)",12,1,1,2,3,1,O(n),O(n),70
"def classify(numbers):

    result = []

    for number in numbers:

        if number > 10:
            if number > 20:
                if number > 30:
                    if number > 40:
                        if number > 50:
                            result.append(
                                ""very-large""
                            )

    return result

numbers = list(range(4))
result = classify(numbers)
print(result)",15,1,1,5,3,1,O(n),O(n),56
"def find_max(numbers):
    return max(numbers)

numbers = list(range(72))
result = find_max(numbers)
print(result)",5,1,0,0,2,0,O(1),O(1),100
"def search(numbers, target):

    for number in numbers:

        if number == target:
            return True

    return False

numbers = list(range(73))
result = search(numbers, 53)
print(result)",8,1,1,1,2,1,O(n),O(1),85
"def analyze_numbers(numbers):

    result = []

    for number in numbers:

        if number > 29:

            if number % 2 == 0:
                result.append(number * 2)

            else:
                result.append(number + 1)

    return result

numbers = list(range(14))
result = analyze_numbers(numbers)
print(result)",12,1,1,2,3,1,O(n),O(n),79
"def classify(numbers):

    result = []

    for number in numbers:

        if number > 10:
            if number > 20:
                if number > 30:
                    if number > 40:
                        if number > 50:
                            result.append(
                                ""very-large""
                            )

    return result

numbers = list(range(8))
result = classify(numbers)
print(result)",15,1,1,5,3,1,O(n),O(n),66
"def filter_numbers(numbers):
    return [
        number for number in numbers
        if number > 16
    ]

numbers = list(range(76))
result = filter_numbers(numbers)
print(result)",8,1,0,0,2,0,O(1),O(n),100
"def search(numbers, target):

    for number in numbers:

        if number == target:
            return True

    return False

numbers = list(range(77))
result = search(numbers, 57)
print(result)",8,1,1,1,2,1,O(n),O(1),85
"def analyze_numbers(numbers):

    result = []

    for number in numbers:

        if number > 33:

            if number % 2 == 0:
                result.append(number * 2)

            else:
                result.append(number + 1)

    return result

numbers = list(range(18))
result = analyze_numbers(numbers)
print(result)",12,1,1,2,3,1,O(n),O(n),76
"def classify(numbers):

    result = []

    for number in numbers:

        if number > 10:
            if number > 20:
                if number > 30:
                    if number > 40:
                        if number > 50:
                            result.append(
                                ""very-large""
                            )

    return result

numbers = list(range(12))
result = classify(numbers)
print(result)",15,1,1,5,3,1,O(n),O(n),65
"def calculate_sum(numbers):
    return sum(numbers)

numbers = list(range(80))
result = calculate_sum(numbers)
print(result)",5,1,0,0,2,0,O(1),O(1),100
"def search(numbers, target):

    for number in numbers:

        if number == target:
            return True

    return False

numbers = list(range(81))
result = search(numbers, 61)
print(result)",8,1,1,1,2,1,O(n),O(1),87
"def analyze_numbers(numbers):

    result = []

    for number in numbers:

        if number > 7:

            if number % 2 == 0:
                result.append(number * 2)

            else:
                result.append(number + 1)

    return result

numbers = list(range(22))
result = analyze_numbers(numbers)
print(result)",12,1,1,2,3,1,O(n),O(n),74
"def classify(numbers):

    result = []

    for number in numbers:

        if number > 10:
            if number > 20:
                if number > 30:
                    if number > 40:
                        if number > 50:
                            result.append(
                                ""very-large""
                            )

    return result

numbers = list(range(6))
result = classify(numbers)
print(result)",15,1,1,5,3,1,O(n),O(n),59
"def find_max(numbers):
    return max(numbers)

numbers = list(range(84))
result = find_max(numbers)
print(result)",5,1,0,0,2,0,O(1),O(1),100
"def search(numbers, target):

    for number in numbers:

        if number == target:
            return True

    return False

numbers = list(range(85))
result = search(numbers, 65)
print(result)",8,1,1,1,2,1,O(n),O(1),83
"def analyze_numbers(numbers):

    result = []

    for number in numbers:

        if number > 11:

            if number % 2 == 0:
                result.append(number * 2)

            else:
                result.append(number + 1)

    return result

numbers = list(range(26))
result = analyze_numbers(numbers)
print(result)",12,1,1,2,3,1,O(n),O(n),78
"def classify(numbers):

    result = []

    for number in numbers:

        if number > 10:
            if number > 20:
                if number > 30:
                    if number > 40:
                        if number > 50:
                            result.append(
                                ""very-large""
                            )

    return result

numbers = list(range(10))
result = classify(numbers)
print(result)",15,1,1,5,3,1,O(n),O(n),56
"def filter_numbers(numbers):
    return [
        number for number in numbers
        if number > 28
    ]

numbers = list(range(88))
result = filter_numbers(numbers)
print(result)",8,1,0,0,2,0,O(1),O(n),100
"def search(numbers, target):

    for number in numbers:

        if number == target:
            return True

    return False

numbers = list(range(89))
result = search(numbers, 69)
print(result)",8,1,1,1,2,1,O(n),O(1),85
"def analyze_numbers(numbers):

    result = []

    for number in numbers:

        if number > 15:

            if number % 2 == 0:
                result.append(number * 2)

            else:
                result.append(number + 1)

    return result

numbers = list(range(30))
result = analyze_numbers(numbers)
print(result)",12,1,1,2,3,1,O(n),O(n),70
"def classify(numbers):

    result = []

    for number in numbers:

        if number > 10:
            if number > 20:
                if number > 30:
                    if number > 40:
                        if number > 50:
                            result.append(
                                ""very-large""
                            )

    return result

numbers = list(range(4))
result = classify(numbers)
print(result)",15,1,1,5,3,1,O(n),O(n),59
"def calculate_sum(numbers):
    return sum(numbers)

numbers = list(range(92))
result = calculate_sum(numbers)
print(result)",5,1,0,0,2,0,O(1),O(1),100
"def search(numbers, target):

    for number in numbers:

        if number == target:
            return True

    return False

numbers = list(range(93))
result = search(numbers, 73)
print(result)",8,1,1,1,2,1,O(n),O(1),87
"def analyze_numbers(numbers):

    result = []

    for number in numbers:

        if number > 19:

            if number % 2 == 0:
                result.append(number * 2)

            else:
                result.append(number + 1)

    return result

numbers = list(range(34))
result = analyze_numbers(numbers)
print(result)",12,1,1,2,3,1,O(n),O(n),71
"def classify(numbers):

    result = []

    for number in numbers:

        if number > 10:
            if number > 20:
                if number > 30:
                    if number > 40:
                        if number > 50:
                            result.append(
                                ""very-large""
                            )

    return result

numbers = list(range(8))
result = classify(numbers)
print(result)",15,1,1,5,3,1,O(n),O(n),62
"def find_max(numbers):
    return max(numbers)

numbers = list(range(96))
result = find_max(numbers)
print(result)",5,1,0,0,2,0,O(1),O(1),100
"def search(numbers, target):

    for number in numbers:

        if number == target:
            return True

    return False

numbers = list(range(97))
result = search(numbers, 77)
print(result)",8,1,1,1,2,1,O(n),O(1),85
"def analyze_numbers(numbers):

    result = []

    for number in numbers:

        if number > 23:

            if number % 2 == 0:
                result.append(number * 2)

            else:
                result.append(number + 1)

    return result

numbers = list(range(38))
result = analyze_numbers(numbers)
print(result)",12,1,1,2,3,1,O(n),O(n),78
"def classify(numbers):

    result = []

    for number in numbers:

        if number > 10:
            if number > 20:
                if number > 30:
                    if number > 40:
                        if number > 50:
                            result.append(
                                ""very-large""
                            )

    return result

numbers = list(range(12))
result = classify(numbers)
print(result)",15,1,1,5,3,1,O(n),O(n),53
"def filter_numbers(numbers):
    return [
        number for number in numbers
        if number > 40
    ]

numbers = list(range(100))
result = filter_numbers(numbers)
print(result)",8,1,0,0,2,0,O(1),O(n),100
"def search(numbers, target):

    for number in numbers:

        if number == target:
            return True

    return False

numbers = list(range(101))
result = search(numbers, 81)
print(result)",8,1,1,1,2,1,O(n),O(1),84
"def analyze_numbers(numbers):

    result = []

    for number in numbers:

        if number > 27:

            if number % 2 == 0:
                result.append(number * 2)

            else:
                result.append(number + 1)

    return result

numbers = list(range(42))
result = analyze_numbers(numbers)
print(result)",12,1,1,2,3,1,O(n),O(n),70
"def classify(numbers):

    result = []

    for number in numbers:

        if number > 10:
            if number > 20:
                if number > 30:
                    if number > 40:
                        if number > 50:
                            result.append(
                                ""very-large""
                            )

    return result

numbers = list(range(6))
result = classify(numbers)
print(result)",15,1,1,5,3,1,O(n),O(n),60
"def calculate_sum(numbers):
    return sum(numbers)

numbers = list(range(104))
result = calculate_sum(numbers)
print(result)",5,1,0,0,2,0,O(1),O(1),100
"def search(numbers, target):

    for number in numbers:

        if number == target:
            return True

    return False

numbers = list(range(105))
result = search(numbers, 85)
print(result)",8,1,1,1,2,1,O(n),O(1),83
"def analyze_numbers(numbers):

    result = []

    for number in numbers:

        if number > 31:

            if number % 2 == 0:
                result.append(number * 2)

            else:
                result.append(number + 1)

    return result

numbers = list(range(46))
result = analyze_numbers(numbers)
print(result)",12,1,1,2,3,1,O(n),O(n),80
"def classify(numbers):

    result = []

    for number in numbers:

        if number > 10:
            if number > 20:
                if number > 30:
                    if number > 40:
                        if number > 50:
                            result.append(
                                ""very-large""
                            )

    return result

numbers = list(range(10))
result = classify(numbers)
print(result)",15,1,1,5,3,1,O(n),O(n),60
"def find_max(numbers):
    return max(numbers)

numbers = list(range(108))
result = find_max(numbers)
print(result)",5,1,0,0,2,0,O(1),O(1),100
"def search(numbers, target):

    for number in numbers:

        if number == target:
            return True

    return False

numbers = list(range(109))
result = search(numbers, 89)
print(result)",8,1,1,1,2,1,O(n),O(1),83
"def analyze_numbers(numbers):

    result = []

    for number in numbers:

        if number > 5:

            if number % 2 == 0:
                result.append(number * 2)

            else:
                result.append(number + 1)

    return result

numbers = list(range(50))
result = analyze_numbers(numbers)
print(result)",12,1,1,2,3,1,O(n),O(n),74
"def classify(numbers):

    result = []

    for number in numbers:

        if number > 10:
            if number > 20:
                if number > 30:
                    if number > 40:
                        if number > 50:
                            result.append(
                                ""very-large""
                            )

    return result

numbers = list(range(4))
result = classify(numbers)
print(result)",15,1,1,5,3,1,O(n),O(n),59
"def filter_numbers(numbers):
    return [
        number for number in numbers
        if number > 52
    ]

numbers = list(range(112))
result = filter_numbers(numbers)
print(result)",8,1,0,0,2,0,O(1),O(n),100
"def search(numbers, target):

    for number in numbers:

        if number == target:
            return True

    return False

numbers = list(range(113))
result = search(numbers, 93)
print(result)",8,1,1,1,2,1,O(n),O(1),85
"def analyze_numbers(numbers):

    result = []

    for number in numbers:

        if number > 9:

            if number % 2 == 0:
                result.append(number * 2)

            else:
                result.append(number + 1)

    return result

numbers = list(range(54))
result = analyze_numbers(numbers)
print(result)",12,1,1,2,3,1,O(n),O(n),71
"def classify(numbers):

    result = []

    for number in numbers:

        if number > 10:
            if number > 20:
                if number > 30:
                    if number > 40:
                        if number > 50:
                            result.append(
                                ""very-large""
                            )

    return result

numbers = list(range(8))
result = classify(numbers)
print(result)",15,1,1,5,3,1,O(n),O(n),57
"def calculate_sum(numbers):
    return sum(numbers)

numbers = list(range(116))
result = calculate_sum(numbers)
print(result)",5,1,0,0,2,0,O(1),O(1),100
"def search(numbers, target):

    for number in numbers:

        if number == target:
            return True

    return False

numbers = list(range(117))
result = search(numbers, 97)
print(result)",8,1,1,1,2,1,O(n),O(1),81
"def analyze_numbers(numbers):

    result = []

    for number in numbers:

        if number > 13:

            if number % 2 == 0:
                result.append(number * 2)

            else:
                result.append(number + 1)

    return result

numbers = list(range(58))
result = analyze_numbers(numbers)
print(result)",12,1,1,2,3,1,O(n),O(n),74
"def classify(numbers):

    result = []

    for number in numbers:

        if number > 10:
            if number > 20:
                if number > 30:
                    if number > 40:
                        if number > 50:
                            result.append(
                                ""very-large""
                            )

    return result

numbers = list(range(12))
result = classify(numbers)
print(result)",15,1,1,5,3,1,O(n),O(n),53
"def find_max(numbers):
    return max(numbers)

numbers = list(range(120))
result = find_max(numbers)
print(result)",5,1,0,0,2,0,O(1),O(1),100
"def search(numbers, target):

    for number in numbers:

        if number == target:
            return True

    return False

numbers = list(range(121))
result = search(numbers, 101)
print(result)",8,1,1,1,2,1,O(n),O(1),84
"def analyze_numbers(numbers):

    result = []

    for number in numbers:

        if number > 17:

            if number % 2 == 0:
                result.append(number * 2)

            else:
                result.append(number + 1)

    return result

numbers = list(range(12))
result = analyze_numbers(numbers)
print(result)",12,1,1,2,3,1,O(n),O(n),78
"def classify(numbers):

    result = []

    for number in numbers:

        if number > 10:
            if number > 20:
                if number > 30:
                    if number > 40:
                        if number > 50:
                            result.append(
                                ""very-large""
                            )

    return result

numbers = list(range(6))
result = classify(numbers)
print(result)",15,1,1,5,3,1,O(n),O(n),60
"def filter_numbers(numbers):
    return [
        number for number in numbers
        if number > 14
    ]

numbers = list(range(124))
result = filter_numbers(numbers)
print(result)",8,1,0,0,2,0,O(1),O(n),100
"def search(numbers, target):

    for number in numbers:

        if number == target:
            return True

    return False

numbers = list(range(125))
result = search(numbers, 105)
print(result)",8,1,1,1,2,1,O(n),O(1),84
"def analyze_numbers(numbers):

    result = []

    for number in numbers:

        if number > 21:

            if number % 2 == 0:
                result.append(number * 2)

            else:
                result.append(number + 1)

    return result

numbers = list(range(16))
result = analyze_numbers(numbers)
print(result)",12,1,1,2,3,1,O(n),O(n),71
"def classify(numbers):

    result = []

    for number in numbers:

        if number > 10:
            if number > 20:
                if number > 30:
                    if number > 40:
                        if number > 50:
                            result.append(
                                ""very-large""
                            )

    return result

numbers = list(range(10))
result = classify(numbers)
print(result)",15,1,1,5,3,1,O(n),O(n),54
"def calculate_sum(numbers):
    return sum(numbers)

numbers = list(range(128))
result = calculate_sum(numbers)
print(result)",5,1,0,0,2,0,O(1),O(1),100
"def search(numbers, target):

    for number in numbers:

        if number == target:
            return True

    return False

numbers = list(range(129))
result = search(numbers, 109)
print(result)",8,1,1,1,2,1,O(n),O(1),82
"def analyze_numbers(numbers):

    result = []

    for number in numbers:

        if number > 25:

            if number % 2 == 0:
                result.append(number * 2)

            else:
                result.append(number + 1)

    return result

numbers = list(range(20))
result = analyze_numbers(numbers)
print(result)",12,1,1,2,3,1,O(n),O(n),75
"def classify(numbers):

    result = []

    for number in numbers:

        if number > 10:
            if number > 20:
                if number > 30:
                    if number > 40:
                        if number > 50:
                            result.append(
                                ""very-large""
                            )

    return result

numbers = list(range(4))
result = classify(numbers)
print(result)",15,1,1,5,3,1,O(n),O(n),60
"def find_max(numbers):
    return max(numbers)

numbers = list(range(132))
result = find_max(numbers)
print(result)",5,1,0,0,2,0,O(1),O(1),100
"def search(numbers, target):

    for number in numbers:

        if number == target:
            return True

    return False

numbers = list(range(133))
result = search(numbers, 113)
print(result)",8,1,1,1,2,1,O(n),O(1),81
"def analyze_numbers(numbers):

    result = []

    for number in numbers:

        if number > 29:

            if number % 2 == 0:
                result.append(number * 2)

            else:
                result.append(number + 1)

    return result

numbers = list(range(24))
result = analyze_numbers(numbers)
print(result)",12,1,1,2,3,1,O(n),O(n),79
"def classify(numbers):

    result = []

    for number in numbers:

        if number > 10:
            if number > 20:
                if number > 30:
                    if number > 40:
                        if number > 50:
                            result.append(
                                ""very-large""
                            )

    return result

numbers = list(range(8))
result = classify(numbers)
print(result)",15,1,1,5,3,1,O(n),O(n),66
"def filter_numbers(numbers):
    return [
        number for number in numbers
        if number > 26
    ]

numbers = list(range(136))
result = filter_numbers(numbers)
print(result)",8,1,0,0,2,0,O(1),O(n),100
"def search(numbers, target):

    for number in numbers:

        if number == target:
            return True

    return False

numbers = list(range(137))
result = search(numbers, 117)
print(result)",8,1,1,1,2,1,O(n),O(1),86
"def analyze_numbers(numbers):

    result = []

    for number in numbers:

        if number > 33:

            if number % 2 == 0:
                result.append(number * 2)

            else:
                result.append(number + 1)

    return result

numbers = list(range(28))
result = analyze_numbers(numbers)
print(result)",12,1,1,2,3,1,O(n),O(n),70
"def classify(numbers):

    result = []

    for number in numbers:

        if number > 10:
            if number > 20:
                if number > 30:
                    if number > 40:
                        if number > 50:
                            result.append(
                                ""very-large""
                            )

    return result

numbers = list(range(12))
result = classify(numbers)
print(result)",15,1,1,5,3,1,O(n),O(n),62
"def calculate_sum(numbers):
    return sum(numbers)

numbers = list(range(140))
result = calculate_sum(numbers)
print(result)",5,1,0,0,2,0,O(1),O(1),100
"def search(numbers, target):

    for number in numbers:

        if number == target:
            return True

    return False

numbers = list(range(141))
result = search(numbers, 121)
print(result)",8,1,1,1,2,1,O(n),O(1),82
"def analyze_numbers(numbers):

    result = []

    for number in numbers:

        if number > 7:

            if number % 2 == 0:
                result.append(number * 2)

            else:
                result.append(number + 1)

    return result

numbers = list(range(32))
result = analyze_numbers(numbers)
print(result)",12,1,1,2,3,1,O(n),O(n),71
"def classify(numbers):

    result = []

    for number in numbers:

        if number > 10:
            if number > 20:
                if number > 30:
                    if number > 40:
                        if number > 50:
                            result.append(
                                ""very-large""
                            )

    return result

numbers = list(range(6))
result = classify(numbers)
print(result)",15,1,1,5,3,1,O(n),O(n),65
"def find_max(numbers):
    return max(numbers)

numbers = list(range(144))
result = find_max(numbers)
print(result)",5,1,0,0,2,0,O(1),O(1),100
"def search(numbers, target):

    for number in numbers:

        if number == target:
            return True

    return False

numbers = list(range(145))
result = search(numbers, 125)
print(result)",8,1,1,1,2,1,O(n),O(1),82
"def analyze_numbers(numbers):

    result = []

    for number in numbers:

        if number > 11:

            if number % 2 == 0:
                result.append(number * 2)

            else:
                result.append(number + 1)

    return result

numbers = list(range(36))
result = analyze_numbers(numbers)
print(result)",12,1,1,2,3,1,O(n),O(n),71
"def classify(numbers):

    result = []

    for number in numbers:

        if number > 10:
            if number > 20:
                if number > 30:
                    if number > 40:
                        if number > 50:
                            result.append(
                                ""very-large""
                            )

    return result

numbers = list(range(10))
result = classify(numbers)
print(result)",15,1,1,5,3,1,O(n),O(n),53
"def filter_numbers(numbers):
    return [
        number for number in numbers
        if number > 38
    ]

numbers = list(range(148))
result = filter_numbers(numbers)
print(result)",8,1,0,0,2,0,O(1),O(n),100
"def search(numbers, target):

    for number in numbers:

        if number == target:
            return True

    return False

numbers = list(range(149))
result = search(numbers, 129)
print(result)",8,1,1,1,2,1,O(n),O(1),84
"def analyze_numbers(numbers):

    result = []

    for number in numbers:

        if number > 15:

            if number % 2 == 0:
                result.append(number * 2)

            else:
                result.append(number + 1)

    return result

numbers = list(range(40))
result = analyze_numbers(numbers)
print(result)",12,1,1,2,3,1,O(n),O(n),72
"def classify(numbers):

    result = []

    for number in numbers:

        if number > 10:
            if number > 20:
                if number > 30:
                    if number > 40:
                        if number > 50:
                            result.append(
                                ""very-large""
                            )

    return result

numbers = list(range(4))
result = classify(numbers)
print(result)",15,1,1,5,3,1,O(n),O(n),67
"def calculate_sum(numbers):
    return sum(numbers)

numbers = list(range(152))
result = calculate_sum(numbers)
print(result)",5,1,0,0,2,0,O(1),O(1),100
"def search(numbers, target):

    for number in numbers:

        if number == target:
            return True

    return False

numbers = list(range(153))
result = search(numbers, 133)
print(result)",8,1,1,1,2,1,O(n),O(1),87
"def analyze_numbers(numbers):

    result = []

    for number in numbers:

        if number > 19:

            if number % 2 == 0:
                result.append(number * 2)

            else:
                result.append(number + 1)

    return result

numbers = list(range(44))
result = analyze_numbers(numbers)
print(result)",12,1,1,2,3,1,O(n),O(n),70
"def classify(numbers):

    result = []

    for number in numbers:

        if number > 10:
            if number > 20:
                if number > 30:
                    if number > 40:
                        if number > 50:
                            result.append(
                                ""very-large""
                            )

    return result

numbers = list(range(8))
result = classify(numbers)
print(result)",15,1,1,5,3,1,O(n),O(n),59
"def find_max(numbers):
    return max(numbers)

numbers = list(range(156))
result = find_max(numbers)
print(result)",5,1,0,0,2,0,O(1),O(1),100
"def search(numbers, target):

    for number in numbers:

        if number == target:
            return True

    return False

numbers = list(range(157))
result = search(numbers, 137)
print(result)",8,1,1,1,2,1,O(n),O(1),83
"def analyze_numbers(numbers):

    result = []

    for number in numbers:

        if number > 23:

            if number % 2 == 0:
                result.append(number * 2)

            else:
                result.append(number + 1)

    return result

numbers = list(range(48))
result = analyze_numbers(numbers)
print(result)",12,1,1,2,3,1,O(n),O(n),79
"def classify(numbers):

    result = []

    for number in numbers:

        if number > 10:
            if number > 20:
                if number > 30:
                    if number > 40:
                        if number > 50:
                            result.append(
                                ""very-large""
                            )

    return result

numbers = list(range(12))
result = classify(numbers)
print(result)",15,1,1,5,3,1,O(n),O(n),58
"def filter_numbers(numbers):
    return [
        number for number in numbers
        if number > 50
    ]

numbers = list(range(160))
result = filter_numbers(numbers)
print(result)",8,1,0,0,2,0,O(1),O(n),100
"def search(numbers, target):

    for number in numbers:

        if number == target:
            return True

    return False

numbers = list(range(161))
result = search(numbers, 141)
print(result)",8,1,1,1,2,1,O(n),O(1),86
"def analyze_numbers(numbers):

    result = []

    for number in numbers:

        if number > 27:

            if number % 2 == 0:
                result.append(number * 2)

            else:
                result.append(number + 1)

    return result

numbers = list(range(52))
result = analyze_numbers(numbers)
print(result)",12,1,1,2,3,1,O(n),O(n),73
"def classify(numbers):

    result = []

    for number in numbers:

        if number > 10:
            if number > 20:
                if number > 30:
                    if number > 40:
                        if number > 50:
                            result.append(
                                ""very-large""
                            )

    return result

numbers = list(range(6))
result = classify(numbers)
print(result)",15,1,1,5,3,1,O(n),O(n),67
"def calculate_sum(numbers):
    return sum(numbers)

numbers = list(range(164))
result = calculate_sum(numbers)
print(result)",5,1,0,0,2,0,O(1),O(1),100
"def search(numbers, target):

    for number in numbers:

        if number == target:
            return True

    return False

numbers = list(range(165))
result = search(numbers, 145)
print(result)",8,1,1,1,2,1,O(n),O(1),84
"def analyze_numbers(numbers):

    result = []

    for number in numbers:

        if number > 31:

            if number % 2 == 0:
                result.append(number * 2)

            else:
                result.append(number + 1)

    return result

numbers = list(range(56))
result = analyze_numbers(numbers)
print(result)",12,1,1,2,3,1,O(n),O(n),72
"def classify(numbers):

    result = []

    for number in numbers:

        if number > 10:
            if number > 20:
                if number > 30:
                    if number > 40:
                        if number > 50:
                            result.append(
                                ""very-large""
                            )

    return result

numbers = list(range(10))
result = classify(numbers)
print(result)",15,1,1,5,3,1,O(n),O(n),62
"def find_max(numbers):
    return max(numbers)

numbers = list(range(168))
result = find_max(numbers)
print(result)",5,1,0,0,2,0,O(1),O(1),100
"def search(numbers, target):

    for number in numbers:

        if number == target:
            return True

    return False

numbers = list(range(169))
result = search(numbers, 149)
print(result)",8,1,1,1,2,1,O(n),O(1),87
"def analyze_numbers(numbers):

    result = []

    for number in numbers:

        if number > 5:

            if number % 2 == 0:
                result.append(number * 2)

            else:
                result.append(number + 1)

    return result

numbers = list(range(10))
result = analyze_numbers(numbers)
print(result)",12,1,1,2,3,1,O(n),O(n),70
"def classify(numbers):

    result = []

    for number in numbers:

        if number > 10:
            if number > 20:
                if number > 30:
                    if number > 40:
                        if number > 50:
                            result.append(
                                ""very-large""
                            )

    return result

numbers = list(range(4))
result = classify(numbers)
print(result)",15,1,1,5,3,1,O(n),O(n),58
"def filter_numbers(numbers):
    return [
        number for number in numbers
        if number > 12
    ]

numbers = list(range(172))
result = filter_numbers(numbers)
print(result)",8,1,0,0,2,0,O(1),O(n),100
"def search(numbers, target):

    for number in numbers:

        if number == target:
            return True

    return False

numbers = list(range(173))
result = search(numbers, 153)
print(result)",8,1,1,1,2,1,O(n),O(1),85
"def analyze_numbers(numbers):

    result = []

    for number in numbers:

        if number > 9:

            if number % 2 == 0:
                result.append(number * 2)

            else:
                result.append(number + 1)

    return result

numbers = list(range(14))
result = analyze_numbers(numbers)
print(result)",12,1,1,2,3,1,O(n),O(n),78
"def classify(numbers):

    result = []

    for number in numbers:

        if number > 10:
            if number > 20:
                if number > 30:
                    if number > 40:
                        if number > 50:
                            result.append(
                                ""very-large""
                            )

    return result

numbers = list(range(8))
result = classify(numbers)
print(result)",15,1,1,5,3,1,O(n),O(n),56
"def calculate_sum(numbers):
    return sum(numbers)

numbers = list(range(176))
result = calculate_sum(numbers)
print(result)",5,1,0,0,2,0,O(1),O(1),100
"def search(numbers, target):

    for number in numbers:

        if number == target:
            return True

    return False

numbers = list(range(177))
result = search(numbers, 157)
print(result)",8,1,1,1,2,1,O(n),O(1),88
"def analyze_numbers(numbers):

    result = []

    for number in numbers:

        if number > 13:

            if number % 2 == 0:
                result.append(number * 2)

            else:
                result.append(number + 1)

    return result

numbers = list(range(18))
result = analyze_numbers(numbers)
print(result)",12,1,1,2,3,1,O(n),O(n),71
"def classify(numbers):

    result = []

    for number in numbers:

        if number > 10:
            if number > 20:
                if number > 30:
                    if number > 40:
                        if number > 50:
                            result.append(
                                ""very-large""
                            )

    return result

numbers = list(range(12))
result = classify(numbers)
print(result)",15,1,1,5,3,1,O(n),O(n),57
"def find_max(numbers):
    return max(numbers)

numbers = list(range(180))
result = find_max(numbers)
print(result)",5,1,0,0,2,0,O(1),O(1),100
"def search(numbers, target):

    for number in numbers:

        if number == target:
            return True

    return False

numbers = list(range(181))
result = search(numbers, 161)
print(result)",8,1,1,1,2,1,O(n),O(1),88
"def analyze_numbers(numbers):

    result = []

    for number in numbers:

        if number > 17:

            if number % 2 == 0:
                result.append(number * 2)

            else:
                result.append(number + 1)

    return result

numbers = list(range(22))
result = analyze_numbers(numbers)
print(result)",12,1,1,2,3,1,O(n),O(n),79
"def classify(numbers):

    result = []

    for number in numbers:

        if number > 10:
            if number > 20:
                if number > 30:
                    if number > 40:
                        if number > 50:
                            result.append(
                                ""very-large""
                            )

    return result

numbers = list(range(6))
result = classify(numbers)
print(result)",15,1,1,5,3,1,O(n),O(n),56
"def filter_numbers(numbers):
    return [
        number for number in numbers
        if number > 24
    ]

numbers = list(range(184))
result = filter_numbers(numbers)
print(result)",8,1,0,0,2,0,O(1),O(n),100
"def search(numbers, target):

    for number in numbers:

        if number == target:
            return True

    return False

numbers = list(range(185))
result = search(numbers, 165)
print(result)",8,1,1,1,2,1,O(n),O(1),85
"def analyze_numbers(numbers):

    result = []

    for number in numbers:

        if number > 21:

            if number % 2 == 0:
                result.append(number * 2)

            else:
                result.append(number + 1)

    return result

numbers = list(range(26))
result = analyze_numbers(numbers)
print(result)",12,1,1,2,3,1,O(n),O(n),80
"def classify(numbers):

    result = []

    for number in numbers:

        if number > 10:
            if number > 20:
                if number > 30:
                    if number > 40:
                        if number > 50:
                            result.append(
                                ""very-large""
                            )

    return result

numbers = list(range(10))
result = classify(numbers)
print(result)",15,1,1,5,3,1,O(n),O(n),60
"def calculate_sum(numbers):
    return sum(numbers)

numbers = list(range(188))
result = calculate_sum(numbers)
print(result)",5,1,0,0,2,0,O(1),O(1),100
"def search(numbers, target):

    for number in numbers:

        if number == target:
            return True

    return False

numbers = list(range(189))
result = search(numbers, 169)
print(result)",8,1,1,1,2,1,O(n),O(1),87
"def analyze_numbers(numbers):

    result = []

    for number in numbers:

        if number > 25:

            if number % 2 == 0:
                result.append(number * 2)

            else:
                result.append(number + 1)

    return result

numbers = list(range(30))
result = analyze_numbers(numbers)
print(result)",12,1,1,2,3,1,O(n),O(n),79
"def classify(numbers):

    result = []

    for number in numbers:

        if number > 10:
            if number > 20:
                if number > 30:
                    if number > 40:
                        if number > 50:
                            result.append(
                                ""very-large""
                            )

    return result

numbers = list(range(4))
result = classify(numbers)
print(result)",15,1,1,5,3,1,O(n),O(n),52
"def find_max(numbers):
    return max(numbers)

numbers = list(range(192))
result = find_max(numbers)
print(result)",5,1,0,0,2,0,O(1),O(1),100
"def search(numbers, target):

    for number in numbers:

        if number == target:
            return True

    return False

numbers = list(range(193))
result = search(numbers, 173)
print(result)",8,1,1,1,2,1,O(n),O(1),86
"def analyze_numbers(numbers):

    result = []

    for number in numbers:

        if number > 29:

            if number % 2 == 0:
                result.append(number * 2)

            else:
                result.append(number + 1)

    return result

numbers = list(range(34))
result = analyze_numbers(numbers)
print(result)",12,1,1,2,3,1,O(n),O(n),78
"def classify(numbers):

    result = []

    for number in numbers:

        if number > 10:
            if number > 20:
                if number > 30:
                    if number > 40:
                        if number > 50:
                            result.append(
                                ""very-large""
                            )

    return result

numbers = list(range(8))
result = classify(numbers)
print(result)",15,1,1,5,3,1,O(n),O(n),52
"def filter_numbers(numbers):
    return [
        number for number in numbers
        if number > 36
    ]

numbers = list(range(196))
result = filter_numbers(numbers)
print(result)",8,1,0,0,2,0,O(1),O(n),100
"def search(numbers, target):

    for number in numbers:

        if number == target:
            return True

    return False

numbers = list(range(197))
result = search(numbers, 177)
print(result)",8,1,1,1,2,1,O(n),O(1),86
"def analyze_numbers(numbers):

    result = []

    for number in numbers:

        if number > 33:

            if number % 2 == 0:
                result.append(number * 2)

            else:
                result.append(number + 1)

    return result

numbers = list(range(38))
result = analyze_numbers(numbers)
print(result)",12,1,1,2,3,1,O(n),O(n),76
"def classify(numbers):

    result = []

    for number in numbers:

        if number > 10:
            if number > 20:
                if number > 30:
                    if number > 40:
                        if number > 50:
                            result.append(
                                ""very-large""
                            )

    return result

numbers = list(range(12))
result = classify(numbers)
print(result)",15,1,1,5,3,1,O(n),O(n),51
"def calculate_sum(numbers):
    return sum(numbers)

numbers = list(range(200))
result = calculate_sum(numbers)
print(result)",5,1,0,0,2,0,O(1),O(1),100
"def search(numbers, target):

    for number in numbers:

        if number == target:
            return True

    return False

numbers = list(range(201))
result = search(numbers, 181)
print(result)",8,1,1,1,2,1,O(n),O(1),82
"def analyze_numbers(numbers):

    result = []

    for number in numbers:

        if number > 7:

            if number % 2 == 0:
                result.append(number * 2)

            else:
                result.append(number + 1)

    return result

numbers = list(range(42))
result = analyze_numbers(numbers)
print(result)",12,1,1,2,3,1,O(n),O(n),77
"def classify(numbers):

    result = []

    for number in numbers:

        if number > 10:
            if number > 20:
                if number > 30:
                    if number > 40:
                        if number > 50:
                            result.append(
                                ""very-large""
                            )

    return result

numbers = list(range(6))
result = classify(numbers)
print(result)",15,1,1,5,3,1,O(n),O(n),61
"def find_max(numbers):
    return max(numbers)

numbers = list(range(204))
result = find_max(numbers)
print(result)",5,1,0,0,2,0,O(1),O(1),100
"def search(numbers, target):

    for number in numbers:

        if number == target:
            return True

    return False

numbers = list(range(205))
result = search(numbers, 185)
print(result)",8,1,1,1,2,1,O(n),O(1),84
"def analyze_numbers(numbers):

    result = []

    for number in numbers:

        if number > 11:

            if number % 2 == 0:
                result.append(number * 2)

            else:
                result.append(number + 1)

    return result

numbers = list(range(46))
result = analyze_numbers(numbers)
print(result)",12,1,1,2,3,1,O(n),O(n),74
"def classify(numbers):

    result = []

    for number in numbers:

        if number > 10:
            if number > 20:
                if number > 30:
                    if number > 40:
                        if number > 50:
                            result.append(
                                ""very-large""
                            )

    return result

numbers = list(range(10))
result = classify(numbers)
print(result)",15,1,1,5,3,1,O(n),O(n),56
"def filter_numbers(numbers):
    return [
        number for number in numbers
        if number > 48
    ]

numbers = list(range(208))
result = filter_numbers(numbers)
print(result)",8,1,0,0,2,0,O(1),O(n),100
"def search(numbers, target):

    for number in numbers:

        if number == target:
            return True

    return False

numbers = list(range(209))
result = search(numbers, 189)
print(result)",8,1,1,1,2,1,O(n),O(1),81
"def analyze_numbers(numbers):

    result = []

    for number in numbers:

        if number > 15:

            if number % 2 == 0:
                result.append(number * 2)

            else:
                result.append(number + 1)

    return result

numbers = list(range(50))
result = analyze_numbers(numbers)
print(result)",12,1,1,2,3,1,O(n),O(n),79
"def classify(numbers):

    result = []

    for number in numbers:

        if number > 10:
            if number > 20:
                if number > 30:
                    if number > 40:
                        if number > 50:
                            result.append(
                                ""very-large""
                            )

    return result

numbers = list(range(4))
result = classify(numbers)
print(result)",15,1,1,5,3,1,O(n),O(n),60
"def calculate_sum(numbers):
    return sum(numbers)

numbers = list(range(212))
result = calculate_sum(numbers)
print(result)",5,1,0,0,2,0,O(1),O(1),100
"def search(numbers, target):

    for number in numbers:

        if number == target:
            return True

    return False

numbers = list(range(213))
result = search(numbers, 193)
print(result)",8,1,1,1,2,1,O(n),O(1),87
"def analyze_numbers(numbers):

    result = []

    for number in numbers:

        if number > 19:

            if number % 2 == 0:
                result.append(number * 2)

            else:
                result.append(number + 1)

    return result

numbers = list(range(54))
result = analyze_numbers(numbers)
print(result)",12,1,1,2,3,1,O(n),O(n),75
"def classify(numbers):

    result = []

    for number in numbers:

        if number > 10:
            if number > 20:
                if number > 30:
                    if number > 40:
                        if number > 50:
                            result.append(
                                ""very-large""
                            )

    return result

numbers = list(range(8))
result = classify(numbers)
print(result)",15,1,1,5,3,1,O(n),O(n),67
"def find_max(numbers):
    return max(numbers)

numbers = list(range(216))
result = find_max(numbers)
print(result)",5,1,0,0,2,0,O(1),O(1),100
"def search(numbers, target):

    for number in numbers:

        if number == target:
            return True

    return False

numbers = list(range(217))
result = search(numbers, 197)
print(result)",8,1,1,1,2,1,O(n),O(1),85
"def analyze_numbers(numbers):

    result = []

    for number in numbers:

        if number > 23:

            if number % 2 == 0:
                result.append(number * 2)

            else:
                result.append(number + 1)

    return result

numbers = list(range(58))
result = analyze_numbers(numbers)
print(result)",12,1,1,2,3,1,O(n),O(n),71
"def classify(numbers):

    result = []

    for number in numbers:

        if number > 10:
            if number > 20:
                if number > 30:
                    if number > 40:
                        if number > 50:
                            result.append(
                                ""very-large""
                            )

    return result

numbers = list(range(12))
result = classify(numbers)
print(result)",15,1,1,5,3,1,O(n),O(n),60
"def filter_numbers(numbers):
    return [
        number for number in numbers
        if number > 10
    ]

numbers = list(range(220))
result = filter_numbers(numbers)
print(result)",8,1,0,0,2,0,O(1),O(n),100
"def search(numbers, target):

    for number in numbers:

        if number == target:
            return True

    return False

numbers = list(range(221))
result = search(numbers, 201)
print(result)",8,1,1,1,2,1,O(n),O(1),87
"def analyze_numbers(numbers):

    result = []

    for number in numbers:

        if number > 27:

            if number % 2 == 0:
                result.append(number * 2)

            else:
                result.append(number + 1)

    return result

numbers = list(range(12))
result = analyze_numbers(numbers)
print(result)",12,1,1,2,3,1,O(n),O(n),70
"def classify(numbers):

    result = []

    for number in numbers:

        if number > 10:
            if number > 20:
                if number > 30:
                    if number > 40:
                        if number > 50:
                            result.append(
                                ""very-large""
                            )

    return result

numbers = list(range(6))
result = classify(numbers)
print(result)",15,1,1,5,3,1,O(n),O(n),66
"def calculate_sum(numbers):
    return sum(numbers)

numbers = list(range(224))
result = calculate_sum(numbers)
print(result)",5,1,0,0,2,0,O(1),O(1),100
"def search(numbers, target):

    for number in numbers:

        if number == target:
            return True

    return False

numbers = list(range(225))
result = search(numbers, 205)
print(result)",8,1,1,1,2,1,O(n),O(1),87
"def analyze_numbers(numbers):

    result = []

    for number in numbers:

        if number > 31:

            if number % 2 == 0:
                result.append(number * 2)

            else:
                result.append(number + 1)

    return result

numbers = list(range(16))
result = analyze_numbers(numbers)
print(result)",12,1,1,2,3,1,O(n),O(n),80
"def classify(numbers):

    result = []

    for number in numbers:

        if number > 10:
            if number > 20:
                if number > 30:
                    if number > 40:
                        if number > 50:
                            result.append(
                                ""very-large""
                            )

    return result

numbers = list(range(10))
result = classify(numbers)
print(result)",15,1,1,5,3,1,O(n),O(n),57
"def find_max(numbers):
    return max(numbers)

numbers = list(range(228))
result = find_max(numbers)
print(result)",5,1,0,0,2,0,O(1),O(1),100
"def search(numbers, target):

    for number in numbers:

        if number == target:
            return True

    return False

numbers = list(range(229))
result = search(numbers, 209)
print(result)",8,1,1,1,2,1,O(n),O(1),85
"def analyze_numbers(numbers):

    result = []

    for number in numbers:

        if number > 5:

            if number % 2 == 0:
                result.append(number * 2)

            else:
                result.append(number + 1)

    return result

numbers = list(range(20))
result = analyze_numbers(numbers)
print(result)",12,1,1,2,3,1,O(n),O(n),76
"def classify(numbers):

    result = []

    for number in numbers:

        if number > 10:
            if number > 20:
                if number > 30:
                    if number > 40:
                        if number > 50:
                            result.append(
                                ""very-large""
                            )

    return result

numbers = list(range(4))
result = classify(numbers)
print(result)",15,1,1,5,3,1,O(n),O(n),52
"def filter_numbers(numbers):
    return [
        number for number in numbers
        if number > 22
    ]

numbers = list(range(232))
result = filter_numbers(numbers)
print(result)",8,1,0,0,2,0,O(1),O(n),100
"def search(numbers, target):

    for number in numbers:

        if number == target:
            return True

    return False

numbers = list(range(233))
result = search(numbers, 213)
print(result)",8,1,1,1,2,1,O(n),O(1),86
"def analyze_numbers(numbers):

    result = []

    for number in numbers:

        if number > 9:

            if number % 2 == 0:
                result.append(number * 2)

            else:
                result.append(number + 1)

    return result

numbers = list(range(24))
result = analyze_numbers(numbers)
print(result)",12,1,1,2,3,1,O(n),O(n),71
"def classify(numbers):

    result = []

    for number in numbers:

        if number > 10:
            if number > 20:
                if number > 30:
                    if number > 40:
                        if number > 50:
                            result.append(
                                ""very-large""
                            )

    return result

numbers = list(range(8))
result = classify(numbers)
print(result)",15,1,1,5,3,1,O(n),O(n),52
"def calculate_sum(numbers):
    return sum(numbers)

numbers = list(range(236))
result = calculate_sum(numbers)
print(result)",5,1,0,0,2,0,O(1),O(1),100
"def search(numbers, target):

    for number in numbers:

        if number == target:
            return True

    return False

numbers = list(range(237))
result = search(numbers, 217)
print(result)",8,1,1,1,2,1,O(n),O(1),81
"def analyze_numbers(numbers):

    result = []

    for number in numbers:

        if number > 13:

            if number % 2 == 0:
                result.append(number * 2)

            else:
                result.append(number + 1)

    return result

numbers = list(range(28))
result = analyze_numbers(numbers)
print(result)",12,1,1,2,3,1,O(n),O(n),74
"def classify(numbers):

    result = []

    for number in numbers:

        if number > 10:
            if number > 20:
                if number > 30:
                    if number > 40:
                        if number > 50:
                            result.append(
                                ""very-large""
                            )

    return result

numbers = list(range(12))
result = classify(numbers)
print(result)",15,1,1,5,3,1,O(n),O(n),61
"def find_max(numbers):
    return max(numbers)

numbers = list(range(240))
result = find_max(numbers)
print(result)",5,1,0,0,2,0,O(1),O(1),100
"def search(numbers, target):

    for number in numbers:

        if number == target:
            return True

    return False

numbers = list(range(241))
result = search(numbers, 221)
print(result)",8,1,1,1,2,1,O(n),O(1),87
"def analyze_numbers(numbers):

    result = []

    for number in numbers:

        if number > 17:

            if number % 2 == 0:
                result.append(number * 2)

            else:
                result.append(number + 1)

    return result

numbers = list(range(32))
result = analyze_numbers(numbers)
print(result)",12,1,1,2,3,1,O(n),O(n),70
"def classify(numbers):

    result = []

    for number in numbers:

        if number > 10:
            if number > 20:
                if number > 30:
                    if number > 40:
                        if number > 50:
                            result.append(
                                ""very-large""
                            )

    return result

numbers = list(range(6))
result = classify(numbers)
print(result)",15,1,1,5,3,1,O(n),O(n),54
"def filter_numbers(numbers):
    return [
        number for number in numbers
        if number > 34
    ]

numbers = list(range(244))
result = filter_numbers(numbers)
print(result)",8,1,0,0,2,0,O(1),O(n),100
"def search(numbers, target):

    for number in numbers:

        if number == target:
            return True

    return False

numbers = list(range(245))
result = search(numbers, 225)
print(result)",8,1,1,1,2,1,O(n),O(1),82
"def analyze_numbers(numbers):

    result = []

    for number in numbers:

        if number > 21:

            if number % 2 == 0:
                result.append(number * 2)

            else:
                result.append(number + 1)

    return result

numbers = list(range(36))
result = analyze_numbers(numbers)
print(result)",12,1,1,2,3,1,O(n),O(n),74
"def classify(numbers):

    result = []

    for number in numbers:

        if number > 10:
            if number > 20:
                if number > 30:
                    if number > 40:
                        if number > 50:
                            result.append(
                                ""very-large""
                            )

    return result

numbers = list(range(10))
result = classify(numbers)
print(result)",15,1,1,5,3,1,O(n),O(n),53
"def calculate_sum(numbers):
    return sum(numbers)

numbers = list(range(248))
result = calculate_sum(numbers)
print(result)",5,1,0,0,2,0,O(1),O(1),100
"def search(numbers, target):

    for number in numbers:

        if number == target:
            return True

    return False

numbers = list(range(249))
result = search(numbers, 229)
print(result)",8,1,1,1,2,1,O(n),O(1),88
"def analyze_numbers(numbers):

    result = []

    for number in numbers:

        if number > 25:

            if number % 2 == 0:
                result.append(number * 2)

            else:
                result.append(number + 1)

    return result

numbers = list(range(40))
result = analyze_numbers(numbers)
print(result)",12,1,1,2,3,1,O(n),O(n),70
"def classify(numbers):

    result = []

    for number in numbers:

        if number > 10:
            if number > 20:
                if number > 30:
                    if number > 40:
                        if number > 50:
                            result.append(
                                ""very-large""
                            )

    return result

numbers = list(range(4))
result = classify(numbers)
print(result)",15,1,1,5,3,1,O(n),O(n),64
"def find_max(numbers):
    return max(numbers)

numbers = list(range(252))
result = find_max(numbers)
print(result)",5,1,0,0,2,0,O(1),O(1),100
"def search(numbers, target):

    for number in numbers:

        if number == target:
            return True

    return False

numbers = list(range(253))
result = search(numbers, 233)
print(result)",8,1,1,1,2,1,O(n),O(1),82
"def analyze_numbers(numbers):

    result = []

    for number in numbers:

        if number > 29:

            if number % 2 == 0:
                result.append(number * 2)

            else:
                result.append(number + 1)

    return result

numbers = list(range(44))
result = analyze_numbers(numbers)
print(result)",12,1,1,2,3,1,O(n),O(n),75
"def classify(numbers):

    result = []

    for number in numbers:

        if number > 10:
            if number > 20:
                if number > 30:
                    if number > 40:
                        if number > 50:
                            result.append(
                                ""very-large""
                            )

    return result

numbers = list(range(8))
result = classify(numbers)
print(result)",15,1,1,5,3,1,O(n),O(n),64
"def filter_numbers(numbers):
    return [
        number for number in numbers
        if number > 46
    ]

numbers = list(range(256))
result = filter_numbers(numbers)
print(result)",8,1,0,0,2,0,O(1),O(n),100
"def search(numbers, target):

    for number in numbers:

        if number == target:
            return True

    return False

numbers = list(range(257))
result = search(numbers, 237)
print(result)",8,1,1,1,2,1,O(n),O(1),85
"def analyze_numbers(numbers):

    result = []

    for number in numbers:

        if number > 33:

            if number % 2 == 0:
                result.append(number * 2)

            else:
                result.append(number + 1)

    return result

numbers = list(range(48))
result = analyze_numbers(numbers)
print(result)",12,1,1,2,3,1,O(n),O(n),77
"def classify(numbers):

    result = []

    for number in numbers:

        if number > 10:
            if number > 20:
                if number > 30:
                    if number > 40:
                        if number > 50:
                            result.append(
                                ""very-large""
                            )

    return result

numbers = list(range(12))
result = classify(numbers)
print(result)",15,1,1,5,3,1,O(n),O(n),53
"def calculate_sum(numbers):
    return sum(numbers)

numbers = list(range(260))
result = calculate_sum(numbers)
print(result)",5,1,0,0,2,0,O(1),O(1),100
"def search(numbers, target):

    for number in numbers:

        if number == target:
            return True

    return False

numbers = list(range(261))
result = search(numbers, 241)
print(result)",8,1,1,1,2,1,O(n),O(1),82
"def analyze_numbers(numbers):

    result = []

    for number in numbers:

        if number > 7:

            if number % 2 == 0:
                result.append(number * 2)

            else:
                result.append(number + 1)

    return result

numbers = list(range(52))
result = analyze_numbers(numbers)
print(result)",12,1,1,2,3,1,O(n),O(n),78
"def classify(numbers):

    result = []

    for number in numbers:

        if number > 10:
            if number > 20:
                if number > 30:
                    if number > 40:
                        if number > 50:
                            result.append(
                                ""very-large""
                            )

    return result

numbers = list(range(6))
result = classify(numbers)
print(result)",15,1,1,5,3,1,O(n),O(n),59
"def find_max(numbers):
    return max(numbers)

numbers = list(range(264))
result = find_max(numbers)
print(result)",5,1,0,0,2,0,O(1),O(1),100
"def search(numbers, target):

    for number in numbers:

        if number == target:
            return True

    return False

numbers = list(range(265))
result = search(numbers, 245)
print(result)",8,1,1,1,2,1,O(n),O(1),85
"def analyze_numbers(numbers):

    result = []

    for number in numbers:

        if number > 11:

            if number % 2 == 0:
                result.append(number * 2)

            else:
                result.append(number + 1)

    return result

numbers = list(range(56))
result = analyze_numbers(numbers)
print(result)",12,1,1,2,3,1,O(n),O(n),79
"def classify(numbers):

    result = []

    for number in numbers:

        if number > 10:
            if number > 20:
                if number > 30:
                    if number > 40:
                        if number > 50:
                            result.append(
                                ""very-large""
                            )

    return result

numbers = list(range(10))
result = classify(numbers)
print(result)",15,1,1,5,3,1,O(n),O(n),53
"def filter_numbers(numbers):
    return [
        number for number in numbers
        if number > 58
    ]

numbers = list(range(268))
result = filter_numbers(numbers)
print(result)",8,1,0,0,2,0,O(1),O(n),100
"def search(numbers, target):

    for number in numbers:

        if number == target:
            return True

    return False

numbers = list(range(269))
result = search(numbers, 249)
print(result)",8,1,1,1,2,1,O(n),O(1),87
"def analyze_numbers(numbers):

    result = []

    for number in numbers:

        if number > 15:

            if number % 2 == 0:
                result.append(number * 2)

            else:
                result.append(number + 1)

    return result

numbers = list(range(10))
result = analyze_numbers(numbers)
print(result)",12,1,1,2,3,1,O(n),O(n),80
"def classify(numbers):

    result = []

    for number in numbers:

        if number > 10:
            if number > 20:
                if number > 30:
                    if number > 40:
                        if number > 50:
                            result.append(
                                ""very-large""
                            )

    return result

numbers = list(range(4))
result = classify(numbers)
print(result)",15,1,1,5,3,1,O(n),O(n),67
"def calculate_sum(numbers):
    return sum(numbers)

numbers = list(range(272))
result = calculate_sum(numbers)
print(result)",5,1,0,0,2,0,O(1),O(1),100
"def search(numbers, target):

    for number in numbers:

        if number == target:
            return True

    return False

numbers = list(range(273))
result = search(numbers, 253)
print(result)",8,1,1,1,2,1,O(n),O(1),85
"def analyze_numbers(numbers):

    result = []

    for number in numbers:

        if number > 19:

            if number % 2 == 0:
                result.append(number * 2)

            else:
                result.append(number + 1)

    return result

numbers = list(range(14))
result = analyze_numbers(numbers)
print(result)",12,1,1,2,3,1,O(n),O(n),78
"def classify(numbers):

    result = []

    for number in numbers:

        if number > 10:
            if number > 20:
                if number > 30:
                    if number > 40:
                        if number > 50:
                            result.append(
                                ""very-large""
                            )

    return result

numbers = list(range(8))
result = classify(numbers)
print(result)",15,1,1,5,3,1,O(n),O(n),54
"def find_max(numbers):
    return max(numbers)

numbers = list(range(276))
result = find_max(numbers)
print(result)",5,1,0,0,2,0,O(1),O(1),100
"def search(numbers, target):

    for number in numbers:

        if number == target:
            return True

    return False

numbers = list(range(277))
result = search(numbers, 257)
print(result)",8,1,1,1,2,1,O(n),O(1),81
"def analyze_numbers(numbers):

    result = []

    for number in numbers:

        if number > 23:

            if number % 2 == 0:
                result.append(number * 2)

            else:
                result.append(number + 1)

    return result

numbers = list(range(18))
result = analyze_numbers(numbers)
print(result)",12,1,1,2,3,1,O(n),O(n),77
"def classify(numbers):

    result = []

    for number in numbers:

        if number > 10:
            if number > 20:
                if number > 30:
                    if number > 40:
                        if number > 50:
                            result.append(
                                ""very-large""
                            )

    return result

numbers = list(range(12))
result = classify(numbers)
print(result)",15,1,1,5,3,1,O(n),O(n),55
"def filter_numbers(numbers):
    return [
        number for number in numbers
        if number > 20
    ]

numbers = list(range(280))
result = filter_numbers(numbers)
print(result)",8,1,0,0,2,0,O(1),O(n),100
"def search(numbers, target):

    for number in numbers:

        if number == target:
            return True

    return False

numbers = list(range(281))
result = search(numbers, 261)
print(result)",8,1,1,1,2,1,O(n),O(1),86
"def analyze_numbers(numbers):

    result = []

    for number in numbers:

        if number > 27:

            if number % 2 == 0:
                result.append(number * 2)

            else:
                result.append(number + 1)

    return result

numbers = list(range(22))
result = analyze_numbers(numbers)
print(result)",12,1,1,2,3,1,O(n),O(n),74
"def classify(numbers):

    result = []

    for number in numbers:

        if number > 10:
            if number > 20:
                if number > 30:
                    if number > 40:
                        if number > 50:
                            result.append(
                                ""very-large""
                            )

    return result

numbers = list(range(6))
result = classify(numbers)
print(result)",15,1,1,5,3,1,O(n),O(n),67
"def calculate_sum(numbers):
    return sum(numbers)

numbers = list(range(284))
result = calculate_sum(numbers)
print(result)",5,1,0,0,2,0,O(1),O(1),100
"def search(numbers, target):

    for number in numbers:

        if number == target:
            return True

    return False

numbers = list(range(285))
result = search(numbers, 265)
print(result)",8,1,1,1,2,1,O(n),O(1),84
"def analyze_numbers(numbers):

    result = []

    for number in numbers:

        if number > 31:

            if number % 2 == 0:
                result.append(number * 2)

            else:
                result.append(number + 1)

    return result

numbers = list(range(26))
result = analyze_numbers(numbers)
print(result)",12,1,1,2,3,1,O(n),O(n),73
"def classify(numbers):

    result = []

    for number in numbers:

        if number > 10:
            if number > 20:
                if number > 30:
                    if number > 40:
                        if number > 50:
                            result.append(
                                ""very-large""
                            )

    return result

numbers = list(range(10))
result = classify(numbers)
print(result)",15,1,1,5,3,1,O(n),O(n),58
"def find_max(numbers):
    return max(numbers)

numbers = list(range(288))
result = find_max(numbers)
print(result)",5,1,0,0,2,0,O(1),O(1),100
"def search(numbers, target):

    for number in numbers:

        if number == target:
            return True

    return False

numbers = list(range(289))
result = search(numbers, 269)
print(result)",8,1,1,1,2,1,O(n),O(1),81
"def analyze_numbers(numbers):

    result = []

    for number in numbers:

        if number > 5:

            if number % 2 == 0:
                result.append(number * 2)

            else:
                result.append(number + 1)

    return result

numbers = list(range(30))
result = analyze_numbers(numbers)
print(result)",12,1,1,2,3,1,O(n),O(n),78
"def classify(numbers):

    result = []

    for number in numbers:

        if number > 10:
            if number > 20:
                if number > 30:
                    if number > 40:
                        if number > 50:
                            result.append(
                                ""very-large""
                            )

    return result

numbers = list(range(4))
result = classify(numbers)
print(result)",15,1,1,5,3,1,O(n),O(n),61
"def filter_numbers(numbers):
    return [
        number for number in numbers
        if number > 32
    ]

numbers = list(range(292))
result = filter_numbers(numbers)
print(result)",8,1,0,0,2,0,O(1),O(n),100
"def search(numbers, target):

    for number in numbers:

        if number == target:
            return True

    return False

numbers = list(range(293))
result = search(numbers, 273)
print(result)",8,1,1,1,2,1,O(n),O(1),85
"def analyze_numbers(numbers):

    result = []

    for number in numbers:

        if number > 9:

            if number % 2 == 0:
                result.append(number * 2)

            else:
                result.append(number + 1)

    return result

numbers = list(range(34))
result = analyze_numbers(numbers)
print(result)",12,1,1,2,3,1,O(n),O(n),80
"def classify(numbers):

    result = []

    for number in numbers:

        if number > 10:
            if number > 20:
                if number > 30:
                    if number > 40:
                        if number > 50:
                            result.append(
                                ""very-large""
                            )

    return result

numbers = list(range(8))
result = classify(numbers)
print(result)",15,1,1,5,3,1,O(n),O(n),66
"def calculate_sum(numbers):
    return sum(numbers)

numbers = list(range(296))
result = calculate_sum(numbers)
print(result)",5,1,0,0,2,0,O(1),O(1),100
"def search(numbers, target):

    for number in numbers:

        if number == target:
            return True

    return False

numbers = list(range(297))
result = search(numbers, 277)
print(result)",8,1,1,1,2,1,O(n),O(1),83
"def analyze_numbers(numbers):

    result = []

    for number in numbers:

        if number > 13:

            if number % 2 == 0:
                result.append(number * 2)

            else:
                result.append(number + 1)

    return result

numbers = list(range(38))
result = analyze_numbers(numbers)
print(result)",12,1,1,2,3,1,O(n),O(n),80
"def classify(numbers):

    result = []

    for number in numbers:

        if number > 10:
            if number > 20:
                if number > 30:
                    if number > 40:
                        if number > 50:
                            result.append(
                                ""very-large""
                            )

    return result

numbers = list(range(12))
result = classify(numbers)
print(result)",15,1,1,5,3,1,O(n),O(n),66
"def find_max(numbers):
    return max(numbers)

numbers = list(range(300))
result = find_max(numbers)
print(result)",5,1,0,0,2,0,O(1),O(1),100
"def search(numbers, target):

    for number in numbers:

        if number == target:
            return True

    return False

numbers = list(range(21))
result = search(numbers, 8)
print(result)",8,1,1,1,2,1,O(n),O(1),81
"def analyze_numbers(numbers):

    result = []

    for number in numbers:

        if number > 17:

            if number % 2 == 0:
                result.append(number * 2)

            else:
                result.append(number + 1)

    return result

numbers = list(range(42))
result = analyze_numbers(numbers)
print(result)",12,1,1,2,3,1,O(n),O(n),72
"def classify(numbers):

    result = []

    for number in numbers:

        if number > 10:
            if number > 20:
                if number > 30:
                    if number > 40:
                        if number > 50:
                            result.append(
                                ""very-large""
                            )

    return result

numbers = list(range(6))
result = classify(numbers)
print(result)",15,1,1,5,3,1,O(n),O(n),51
"def filter_numbers(numbers):
    return [
        number for number in numbers
        if number > 44
    ]

numbers = list(range(304))
result = filter_numbers(numbers)
print(result)",8,1,0,0,2,0,O(1),O(n),100
"def search(numbers, target):

    for number in numbers:

        if number == target:
            return True

    return False

numbers = list(range(25))
result = search(numbers, 10)
print(result)",8,1,1,1,2,1,O(n),O(1),88
"def analyze_numbers(numbers):

    result = []

    for number in numbers:

        if number > 21:

            if number % 2 == 0:
                result.append(number * 2)

            else:
                result.append(number + 1)

    return result

numbers = list(range(46))
result = analyze_numbers(numbers)
print(result)",12,1,1,2,3,1,O(n),O(n),72
"def classify(numbers):

    result = []

    for number in numbers:

        if number > 10:
            if number > 20:
                if number > 30:
                    if number > 40:
                        if number > 50:
                            result.append(
                                ""very-large""
                            )

    return result

numbers = list(range(10))
result = classify(numbers)
print(result)",15,1,1,5,3,1,O(n),O(n),65
"def calculate_sum(numbers):
    return sum(numbers)

numbers = list(range(308))
result = calculate_sum(numbers)
print(result)",5,1,0,0,2,0,O(1),O(1),100
"def search(numbers, target):

    for number in numbers:

        if number == target:
            return True

    return False

numbers = list(range(29))
result = search(numbers, 28)
print(result)",8,1,1,1,2,1,O(n),O(1),87
"def analyze_numbers(numbers):

    result = []

    for number in numbers:

        if number > 25:

            if number % 2 == 0:
                result.append(number * 2)

            else:
                result.append(number + 1)

    return result

numbers = list(range(50))
result = analyze_numbers(numbers)
print(result)",12,1,1,2,3,1,O(n),O(n),71
"def classify(numbers):

    result = []

    for number in numbers:

        if number > 10:
            if number > 20:
                if number > 30:
                    if number > 40:
                        if number > 50:
                            result.append(
                                ""very-large""
                            )

    return result

numbers = list(range(4))
result = classify(numbers)
print(result)",15,1,1,5,3,1,O(n),O(n),65
"def find_max(numbers):
    return max(numbers)

numbers = list(range(312))
result = find_max(numbers)
print(result)",5,1,0,0,2,0,O(1),O(1),100
"def search(numbers, target):

    for number in numbers:

        if number == target:
            return True

    return False

numbers = list(range(33))
result = search(numbers, 29)
print(result)",8,1,1,1,2,1,O(n),O(1),85
"def analyze_numbers(numbers):

    result = []

    for number in numbers:

        if number > 29:

            if number % 2 == 0:
                result.append(number * 2)

            else:
                result.append(number + 1)

    return result

numbers = list(range(54))
result = analyze_numbers(numbers)
print(result)",12,1,1,2,3,1,O(n),O(n),74
"def classify(numbers):

    result = []

    for number in numbers:

        if number > 10:
            if number > 20:
                if number > 30:
                    if number > 40:
                        if number > 50:
                            result.append(
                                ""very-large""
                            )

    return result

numbers = list(range(8))
result = classify(numbers)
print(result)",15,1,1,5,3,1,O(n),O(n),64
"def filter_numbers(numbers):
    return [
        number for number in numbers
        if number > 56
    ]

numbers = list(range(316))
result = filter_numbers(numbers)
print(result)",8,1,0,0,2,0,O(1),O(n),100
"def search(numbers, target):

    for number in numbers:

        if number == target:
            return True

    return False

numbers = list(range(37))
result = search(numbers, 1)
print(result)",8,1,1,1,2,1,O(n),O(1),85
"def analyze_numbers(numbers):

    result = []

    for number in numbers:

        if number > 33:

            if number % 2 == 0:
                result.append(number * 2)

            else:
                result.append(number + 1)

    return result

numbers = list(range(58))
result = analyze_numbers(numbers)
print(result)",12,1,1,2,3,1,O(n),O(n),71
"def classify(numbers):

    result = []

    for number in numbers:

        if number > 10:
            if number > 20:
                if number > 30:
                    if number > 40:
                        if number > 50:
                            result.append(
                                ""very-large""
                            )

    return result

numbers = list(range(12))
result = classify(numbers)
print(result)",15,1,1,5,3,1,O(n),O(n),66
"def calculate_sum(numbers):
    return sum(numbers)

numbers = list(range(320))
result = calculate_sum(numbers)
print(result)",5,1,0,0,2,0,O(1),O(1),100
"def search(numbers, target):

    for number in numbers:

        if number == target:
            return True

    return False

numbers = list(range(41))
result = search(numbers, 14)
print(result)",8,1,1,1,2,1,O(n),O(1),87
"def analyze_numbers(numbers):

    result = []

    for number in numbers:

        if number > 7:

            if number % 2 == 0:
                result.append(number * 2)

            else:
                result.append(number + 1)

    return result

numbers = list(range(12))
result = analyze_numbers(numbers)
print(result)",12,1,1,2,3,1,O(n),O(n),74
"def classify(numbers):

    result = []

    for number in numbers:

        if number > 10:
            if number > 20:
                if number > 30:
                    if number > 40:
                        if number > 50:
                            result.append(
                                ""very-large""
                            )

    return result

numbers = list(range(6))
result = classify(numbers)
print(result)",15,1,1,5,3,1,O(n),O(n),51
"def find_max(numbers):
    return max(numbers)

numbers = list(range(324))
result = find_max(numbers)
print(result)",5,1,0,0,2,0,O(1),O(1),100
"def search(numbers, target):

    for number in numbers:

        if number == target:
            return True

    return False

numbers = list(range(45))
result = search(numbers, 35)
print(result)",8,1,1,1,2,1,O(n),O(1),84
"def analyze_numbers(numbers):

    result = []

    for number in numbers:

        if number > 11:

            if number % 2 == 0:
                result.append(number * 2)

            else:
                result.append(number + 1)

    return result

numbers = list(range(16))
result = analyze_numbers(numbers)
print(result)",12,1,1,2,3,1,O(n),O(n),77
"def classify(numbers):

    result = []

    for number in numbers:

        if number > 10:
            if number > 20:
                if number > 30:
                    if number > 40:
                        if number > 50:
                            result.append(
                                ""very-large""
                            )

    return result

numbers = list(range(10))
result = classify(numbers)
print(result)",15,1,1,5,3,1,O(n),O(n),57
"def filter_numbers(numbers):
    return [
        number for number in numbers
        if number > 18
    ]

numbers = list(range(328))
result = filter_numbers(numbers)
print(result)",8,1,0,0,2,0,O(1),O(n),100
"def search(numbers, target):

    for number in numbers:

        if number == target:
            return True

    return False

numbers = list(range(49))
result = search(numbers, 15)
print(result)",8,1,1,1,2,1,O(n),O(1),84
"def analyze_numbers(numbers):

    result = []

    for number in numbers:

        if number > 15:

            if number % 2 == 0:
                result.append(number * 2)

            else:
                result.append(number + 1)

    return result

numbers = list(range(20))
result = analyze_numbers(numbers)
print(result)",12,1,1,2,3,1,O(n),O(n),74
"def classify(numbers):

    result = []

    for number in numbers:

        if number > 10:
            if number > 20:
                if number > 30:
                    if number > 40:
                        if number > 50:
                            result.append(
                                ""very-large""
                            )

    return result

numbers = list(range(4))
result = classify(numbers)
print(result)",15,1,1,5,3,1,O(n),O(n),63
"def calculate_sum(numbers):
    return sum(numbers)

numbers = list(range(332))
result = calculate_sum(numbers)
print(result)",5,1,0,0,2,0,O(1),O(1),100
"def search(numbers, target):

    for number in numbers:

        if number == target:
            return True

    return False

numbers = list(range(53))
result = search(numbers, 48)
print(result)",8,1,1,1,2,1,O(n),O(1),84
"def analyze_numbers(numbers):

    result = []

    for number in numbers:

        if number > 19:

            if number % 2 == 0:
                result.append(number * 2)

            else:
                result.append(number + 1)

    return result

numbers = list(range(24))
result = analyze_numbers(numbers)
print(result)",12,1,1,2,3,1,O(n),O(n),73
"def classify(numbers):

    result = []

    for number in numbers:

        if number > 10:
            if number > 20:
                if number > 30:
                    if number > 40:
                        if number > 50:
                            result.append(
                                ""very-large""
                            )

    return result

numbers = list(range(8))
result = classify(numbers)
print(result)",15,1,1,5,3,1,O(n),O(n),57
"def find_max(numbers):
    return max(numbers)

numbers = list(range(336))
result = find_max(numbers)
print(result)",5,1,0,0,2,0,O(1),O(1),100
"def search(numbers, target):

    for number in numbers:

        if number == target:
            return True

    return False

numbers = list(range(57))
result = search(numbers, 32)
print(result)",8,1,1,1,2,1,O(n),O(1),88
"def analyze_numbers(numbers):

    result = []

    for number in numbers:

        if number > 23:

            if number % 2 == 0:
                result.append(number * 2)

            else:
                result.append(number + 1)

    return result

numbers = list(range(28))
result = analyze_numbers(numbers)
print(result)",12,1,1,2,3,1,O(n),O(n),73
"def classify(numbers):

    result = []

    for number in numbers:

        if number > 10:
            if number > 20:
                if number > 30:
                    if number > 40:
                        if number > 50:
                            result.append(
                                ""very-large""
                            )

    return result

numbers = list(range(12))
result = classify(numbers)
print(result)",15,1,1,5,3,1,O(n),O(n),64
"def filter_numbers(numbers):
    return [
        number for number in numbers
        if number > 30
    ]

numbers = list(range(340))
result = filter_numbers(numbers)
print(result)",8,1,0,0,2,0,O(1),O(n),100
"def search(numbers, target):

    for number in numbers:

        if number == target:
            return True

    return False

numbers = list(range(61))
result = search(numbers, 16)
print(result)",8,1,1,1,2,1,O(n),O(1),85
"def analyze_numbers(numbers):

    result = []

    for number in numbers:

        if number > 27:

            if number % 2 == 0:
                result.append(number * 2)

            else:
                result.append(number + 1)

    return result

numbers = list(range(32))
result = analyze_numbers(numbers)
print(result)",12,1,1,2,3,1,O(n),O(n),72
"def classify(numbers):

    result = []

    for number in numbers:

        if number > 10:
            if number > 20:
                if number > 30:
                    if number > 40:
                        if number > 50:
                            result.append(
                                ""very-large""
                            )

    return result

numbers = list(range(6))
result = classify(numbers)
print(result)",15,1,1,5,3,1,O(n),O(n),59
"def calculate_sum(numbers):
    return sum(numbers)

numbers = list(range(344))
result = calculate_sum(numbers)
print(result)",5,1,0,0,2,0,O(1),O(1),100
"def search(numbers, target):

    for number in numbers:

        if number == target:
            return True

    return False

numbers = list(range(65))
result = search(numbers, 0)
print(result)",8,1,1,1,2,1,O(n),O(1),83
"def analyze_numbers(numbers):

    result = []

    for number in numbers:

        if number > 31:

            if number % 2 == 0:
                result.append(number * 2)

            else:
                result.append(number + 1)

    return result

numbers = list(range(36))
result = analyze_numbers(numbers)
print(result)",12,1,1,2,3,1,O(n),O(n),79
"def classify(numbers):

    result = []

    for number in numbers:

        if number > 10:
            if number > 20:
                if number > 30:
                    if number > 40:
                        if number > 50:
                            result.append(
                                ""very-large""
                            )

    return result

numbers = list(range(10))
result = classify(numbers)
print(result)",15,1,1,5,3,1,O(n),O(n),60
"def find_max(numbers):
    return max(numbers)

numbers = list(range(348))
result = find_max(numbers)
print(result)",5,1,0,0,2,0,O(1),O(1),100
"def search(numbers, target):

    for number in numbers:

        if number == target:
            return True

    return False

numbers = list(range(69))
result = search(numbers, 53)
print(result)",8,1,1,1,2,1,O(n),O(1),84
"def analyze_numbers(numbers):

    result = []

    for number in numbers:

        if number > 5:

            if number % 2 == 0:
                result.append(number * 2)

            else:
                result.append(number + 1)

    return result

numbers = list(range(40))
result = analyze_numbers(numbers)
print(result)",12,1,1,2,3,1,O(n),O(n),78
"def classify(numbers):

    result = []

    for number in numbers:

        if number > 10:
            if number > 20:
                if number > 30:
                    if number > 40:
                        if number > 50:
                            result.append(
                                ""very-large""
                            )

    return result

numbers = list(range(4))
result = classify(numbers)
print(result)",15,1,1,5,3,1,O(n),O(n),53
"def filter_numbers(numbers):
    return [
        number for number in numbers
        if number > 42
    ]

numbers = list(range(352))
result = filter_numbers(numbers)
print(result)",8,1,0,0,2,0,O(1),O(n),100
"def search(numbers, target):

    for number in numbers:

        if number == target:
            return True

    return False

numbers = list(range(73))
result = search(numbers, 41)
print(result)",8,1,1,1,2,1,O(n),O(1),84
"def analyze_numbers(numbers):

    result = []

    for number in numbers:

        if number > 9:

            if number % 2 == 0:
                result.append(number * 2)

            else:
                result.append(number + 1)

    return result

numbers = list(range(44))
result = analyze_numbers(numbers)
print(result)",12,1,1,2,3,1,O(n),O(n),71
"def classify(numbers):

    result = []

    for number in numbers:

        if number > 10:
            if number > 20:
                if number > 30:
                    if number > 40:
                        if number > 50:
                            result.append(
                                ""very-large""
                            )

    return result

numbers = list(range(8))
result = classify(numbers)
print(result)",15,1,1,5,3,1,O(n),O(n),51
"def calculate_sum(numbers):
    return sum(numbers)

numbers = list(range(356))
result = calculate_sum(numbers)
print(result)",5,1,0,0,2,0,O(1),O(1),100
"def search(numbers, target):

    for number in numbers:

        if number == target:
            return True

    return False

numbers = list(range(77))
result = search(numbers, 29)
print(result)",8,1,1,1,2,1,O(n),O(1),84
"def analyze_numbers(numbers):

    result = []

    for number in numbers:

        if number > 13:

            if number % 2 == 0:
                result.append(number * 2)

            else:
                result.append(number + 1)

    return result

numbers = list(range(48))
result = analyze_numbers(numbers)
print(result)",12,1,1,2,3,1,O(n),O(n),70
"def classify(numbers):

    result = []

    for number in numbers:

        if number > 10:
            if number > 20:
                if number > 30:
                    if number > 40:
                        if number > 50:
                            result.append(
                                ""very-large""
                            )

    return result

numbers = list(range(12))
result = classify(numbers)
print(result)",15,1,1,5,3,1,O(n),O(n),64
"def find_max(numbers):
    return max(numbers)

numbers = list(range(360))
result = find_max(numbers)
print(result)",5,1,0,0,2,0,O(1),O(1),100
"def search(numbers, target):

    for number in numbers:

        if number == target:
            return True

    return False

numbers = list(range(81))
result = search(numbers, 17)
print(result)",8,1,1,1,2,1,O(n),O(1),84
"def analyze_numbers(numbers):

    result = []

    for number in numbers:

        if number > 17:

            if number % 2 == 0:
                result.append(number * 2)

            else:
                result.append(number + 1)

    return result

numbers = list(range(52))
result = analyze_numbers(numbers)
print(result)",12,1,1,2,3,1,O(n),O(n),79
"def classify(numbers):

    result = []

    for number in numbers:

        if number > 10:
            if number > 20:
                if number > 30:
                    if number > 40:
                        if number > 50:
                            result.append(
                                ""very-large""
                            )

    return result

numbers = list(range(6))
result = classify(numbers)
print(result)",15,1,1,5,3,1,O(n),O(n),64
"def filter_numbers(numbers):
    return [
        number for number in numbers
        if number > 54
    ]

numbers = list(range(364))
result = filter_numbers(numbers)
print(result)",8,1,0,0,2,0,O(1),O(n),100
"def search(numbers, target):

    for number in numbers:

        if number == target:
            return True

    return False

numbers = list(range(85))
result = search(numbers, 5)
print(result)",8,1,1,1,2,1,O(n),O(1),86
"def analyze_numbers(numbers):

    result = []

    for number in numbers:

        if number > 21:

            if number % 2 == 0:
                result.append(number * 2)

            else:
                result.append(number + 1)

    return result

numbers = list(range(56))
result = analyze_numbers(numbers)
print(result)",12,1,1,2,3,1,O(n),O(n),76
"def classify(numbers):

    result = []

    for number in numbers:

        if number > 10:
            if number > 20:
                if number > 30:
                    if number > 40:
                        if number > 50:
                            result.append(
                                ""very-large""
                            )

    return result

numbers = list(range(10))
result = classify(numbers)
print(result)",15,1,1,5,3,1,O(n),O(n),58
"def calculate_sum(numbers):
    return sum(numbers)

numbers = list(range(368))
result = calculate_sum(numbers)
print(result)",5,1,0,0,2,0,O(1),O(1),100
"def search(numbers, target):

    for number in numbers:

        if number == target:
            return True

    return False

numbers = list(range(89))
result = search(numbers, 82)
print(result)",8,1,1,1,2,1,O(n),O(1),85
"def analyze_numbers(numbers):

    result = []

    for number in numbers:

        if number > 25:

            if number % 2 == 0:
                result.append(number * 2)

            else:
                result.append(number + 1)

    return result

numbers = list(range(10))
result = analyze_numbers(numbers)
print(result)",12,1,1,2,3,1,O(n),O(n),75
"def classify(numbers):

    result = []

    for number in numbers:

        if number > 10:
            if number > 20:
                if number > 30:
                    if number > 40:
                        if number > 50:
                            result.append(
                                ""very-large""
                            )

    return result

numbers = list(range(4))
result = classify(numbers)
print(result)",15,1,1,5,3,1,O(n),O(n),61
"def find_max(numbers):
    return max(numbers)

numbers = list(range(372))
result = find_max(numbers)
print(result)",5,1,0,0,2,0,O(1),O(1),100
"def search(numbers, target):

    for number in numbers:

        if number == target:
            return True

    return False

numbers = list(range(93))
result = search(numbers, 74)
print(result)",8,1,1,1,2,1,O(n),O(1),84
"def analyze_numbers(numbers):

    result = []

    for number in numbers:

        if number > 29:

            if number % 2 == 0:
                result.append(number * 2)

            else:
                result.append(number + 1)

    return result

numbers = list(range(14))
result = analyze_numbers(numbers)
print(result)",12,1,1,2,3,1,O(n),O(n),72
"def classify(numbers):

    result = []

    for number in numbers:

        if number > 10:
            if number > 20:
                if number > 30:
                    if number > 40:
                        if number > 50:
                            result.append(
                                ""very-large""
                            )

    return result

numbers = list(range(8))
result = classify(numbers)
print(result)",15,1,1,5,3,1,O(n),O(n),52
"def filter_numbers(numbers):
    return [
        number for number in numbers
        if number > 16
    ]

numbers = list(range(376))
result = filter_numbers(numbers)
print(result)",8,1,0,0,2,0,O(1),O(n),100
"def search(numbers, target):

    for number in numbers:

        if number == target:
            return True

    return False

numbers = list(range(97))
result = search(numbers, 66)
print(result)",8,1,1,1,2,1,O(n),O(1),88
"def analyze_numbers(numbers):

    result = []

    for number in numbers:

        if number > 33:

            if number % 2 == 0:
                result.append(number * 2)

            else:
                result.append(number + 1)

    return result

numbers = list(range(18))
result = analyze_numbers(numbers)
print(result)",12,1,1,2,3,1,O(n),O(n),79
"def classify(numbers):

    result = []

    for number in numbers:

        if number > 10:
            if number > 20:
                if number > 30:
                    if number > 40:
                        if number > 50:
                            result.append(
                                ""very-large""
                            )

    return result

numbers = list(range(12))
result = classify(numbers)
print(result)",15,1,1,5,3,1,O(n),O(n),54
"def calculate_sum(numbers):
    return sum(numbers)

numbers = list(range(380))
result = calculate_sum(numbers)
print(result)",5,1,0,0,2,0,O(1),O(1),100
"def search(numbers, target):

    for number in numbers:

        if number == target:
            return True

    return False

numbers = list(range(101))
result = search(numbers, 58)
print(result)",8,1,1,1,2,1,O(n),O(1),88
"def analyze_numbers(numbers):

    result = []

    for number in numbers:

        if number > 7:

            if number % 2 == 0:
                result.append(number * 2)

            else:
                result.append(number + 1)

    return result

numbers = list(range(22))
result = analyze_numbers(numbers)
print(result)",12,1,1,2,3,1,O(n),O(n),80
"def classify(numbers):

    result = []

    for number in numbers:

        if number > 10:
            if number > 20:
                if number > 30:
                    if number > 40:
                        if number > 50:
                            result.append(
                                ""very-large""
                            )

    return result

numbers = list(range(6))
result = classify(numbers)
print(result)",15,1,1,5,3,1,O(n),O(n),57
"def find_max(numbers):
    return max(numbers)

numbers = list(range(384))
result = find_max(numbers)
print(result)",5,1,0,0,2,0,O(1),O(1),100
"def search(numbers, target):

    for number in numbers:

        if number == target:
            return True

    return False

numbers = list(range(105))
result = search(numbers, 50)
print(result)",8,1,1,1,2,1,O(n),O(1),84
"def analyze_numbers(numbers):

    result = []

    for number in numbers:

        if number > 11:

            if number % 2 == 0:
                result.append(number * 2)

            else:
                result.append(number + 1)

    return result

numbers = list(range(26))
result = analyze_numbers(numbers)
print(result)",12,1,1,2,3,1,O(n),O(n),78
"def classify(numbers):

    result = []

    for number in numbers:

        if number > 10:
            if number > 20:
                if number > 30:
                    if number > 40:
                        if number > 50:
                            result.append(
                                ""very-large""
                            )

    return result

numbers = list(range(10))
result = classify(numbers)
print(result)",15,1,1,5,3,1,O(n),O(n),53
"def filter_numbers(numbers):
    return [
        number for number in numbers
        if number > 28
    ]

numbers = list(range(388))
result = filter_numbers(numbers)
print(result)",8,1,0,0,2,0,O(1),O(n),100
"def search(numbers, target):

    for number in numbers:

        if number == target:
            return True

    return False

numbers = list(range(109))
result = search(numbers, 42)
print(result)",8,1,1,1,2,1,O(n),O(1),82
"def analyze_numbers(numbers):

    result = []

    for number in numbers:

        if number > 15:

            if number % 2 == 0:
                result.append(number * 2)

            else:
                result.append(number + 1)

    return result

numbers = list(range(30))
result = analyze_numbers(numbers)
print(result)",12,1,1,2,3,1,O(n),O(n),72
"def classify(numbers):

    result = []

    for number in numbers:

        if number > 10:
            if number > 20:
                if number > 30:
                    if number > 40:
                        if number > 50:
                            result.append(
                                ""very-large""
                            )

    return result

numbers = list(range(4))
result = classify(numbers)
print(result)",15,1,1,5,3,1,O(n),O(n),67
"def calculate_sum(numbers):
    return sum(numbers)

numbers = list(range(392))
result = calculate_sum(numbers)
print(result)",5,1,0,0,2,0,O(1),O(1),100
"def search(numbers, target):

    for number in numbers:

        if number == target:
            return True

    return False

numbers = list(range(113))
result = search(numbers, 34)
print(result)",8,1,1,1,2,1,O(n),O(1),87
"def analyze_numbers(numbers):

    result = []

    for number in numbers:

        if number > 19:

            if number % 2 == 0:
                result.append(number * 2)

            else:
                result.append(number + 1)

    return result

numbers = list(range(34))
result = analyze_numbers(numbers)
print(result)",12,1,1,2,3,1,O(n),O(n),78
"def classify(numbers):

    result = []

    for number in numbers:

        if number > 10:
            if number > 20:
                if number > 30:
                    if number > 40:
                        if number > 50:
                            result.append(
                                ""very-large""
                            )

    return result

numbers = list(range(8))
result = classify(numbers)
print(result)",15,1,1,5,3,1,O(n),O(n),66
"def find_max(numbers):
    return max(numbers)

numbers = list(range(396))
result = find_max(numbers)
print(result)",5,1,0,0,2,0,O(1),O(1),100
"def search(numbers, target):

    for number in numbers:

        if number == target:
            return True

    return False

numbers = list(range(117))
result = search(numbers, 26)
print(result)",8,1,1,1,2,1,O(n),O(1),86
"def analyze_numbers(numbers):

    result = []

    for number in numbers:

        if number > 23:

            if number % 2 == 0:
                result.append(number * 2)

            else:
                result.append(number + 1)

    return result

numbers = list(range(38))
result = analyze_numbers(numbers)
print(result)",12,1,1,2,3,1,O(n),O(n),74
"def classify(numbers):

    result = []

    for number in numbers:

        if number > 10:
            if number > 20:
                if number > 30:
                    if number > 40:
                        if number > 50:
                            result.append(
                                ""very-large""
                            )

    return result

numbers = list(range(12))
result = classify(numbers)
print(result)",15,1,1,5,3,1,O(n),O(n),63
"def filter_numbers(numbers):
    return [
        number for number in numbers
        if number > 40
    ]

numbers = list(range(400))
result = filter_numbers(numbers)
print(result)",8,1,0,0,2,0,O(1),O(n),100
"def search(numbers, target):

    for number in numbers:

        if number == target:
            return True

    return False

numbers = list(range(121))
result = search(numbers, 18)
print(result)",8,1,1,1,2,1,O(n),O(1),84
"def analyze_numbers(numbers):

    result = []

    for number in numbers:

        if number > 27:

            if number % 2 == 0:
                result.append(number * 2)

            else:
                result.append(number + 1)

    return result

numbers = list(range(42))
result = analyze_numbers(numbers)
print(result)",12,1,1,2,3,1,O(n),O(n),75
"def classify(numbers):

    result = []

    for number in numbers:

        if number > 10:
            if number > 20:
                if number > 30:
                    if number > 40:
                        if number > 50:
                            result.append(
                                ""very-large""
                            )

    return result

numbers = list(range(6))
result = classify(numbers)
print(result)",15,1,1,5,3,1,O(n),O(n),66
"def calculate_sum(numbers):
    return sum(numbers)

numbers = list(range(404))
result = calculate_sum(numbers)
print(result)",5,1,0,0,2,0,O(1),O(1),100
"def search(numbers, target):

    for number in numbers:

        if number == target:
            return True

    return False

numbers = list(range(125))
result = search(numbers, 10)
print(result)",8,1,1,1,2,1,O(n),O(1),85
"def analyze_numbers(numbers):

    result = []

    for number in numbers:

        if number > 31:

            if number % 2 == 0:
                result.append(number * 2)

            else:
                result.append(number + 1)

    return result

numbers = list(range(46))
result = analyze_numbers(numbers)
print(result)",12,1,1,2,3,1,O(n),O(n),70
"def classify(numbers):

    result = []

    for number in numbers:

        if number > 10:
            if number > 20:
                if number > 30:
                    if number > 40:
                        if number > 50:
                            result.append(
                                ""very-large""
                            )

    return result

numbers = list(range(10))
result = classify(numbers)
print(result)",15,1,1,5,3,1,O(n),O(n),60
"def find_max(numbers):
    return max(numbers)

numbers = list(range(408))
result = find_max(numbers)
print(result)",5,1,0,0,2,0,O(1),O(1),100
"def search(numbers, target):

    for number in numbers:

        if number == target:
            return True

    return False

numbers = list(range(129))
result = search(numbers, 2)
print(result)",8,1,1,1,2,1,O(n),O(1),87
"def analyze_numbers(numbers):

    result = []

    for number in numbers:

        if number > 5:

            if number % 2 == 0:
                result.append(number * 2)

            else:
                result.append(number + 1)

    return result

numbers = list(range(50))
result = analyze_numbers(numbers)
print(result)",12,1,1,2,3,1,O(n),O(n),75
"def classify(numbers):

    result = []

    for number in numbers:

        if number > 10:
            if number > 20:
                if number > 30:
                    if number > 40:
                        if number > 50:
                            result.append(
                                ""very-large""
                            )

    return result

numbers = list(range(4))
result = classify(numbers)
print(result)",15,1,1,5,3,1,O(n),O(n),54
"def filter_numbers(numbers):
    return [
        number for number in numbers
        if number > 52
    ]

numbers = list(range(412))
result = filter_numbers(numbers)
print(result)",8,1,0,0,2,0,O(1),O(n),100
"def search(numbers, target):

    for number in numbers:

        if number == target:
            return True

    return False

numbers = list(range(133))
result = search(numbers, 127)
print(result)",8,1,1,1,2,1,O(n),O(1),86
"def analyze_numbers(numbers):

    result = []

    for number in numbers:

        if number > 9:

            if number % 2 == 0:
                result.append(number * 2)

            else:
                result.append(number + 1)

    return result

numbers = list(range(54))
result = analyze_numbers(numbers)
print(result)",12,1,1,2,3,1,O(n),O(n),77
"def classify(numbers):

    result = []

    for number in numbers:

        if number > 10:
            if number > 20:
                if number > 30:
                    if number > 40:
                        if number > 50:
                            result.append(
                                ""very-large""
                            )

    return result

numbers = list(range(8))
result = classify(numbers)
print(result)",15,1,1,5,3,1,O(n),O(n),62
"def calculate_sum(numbers):
    return sum(numbers)

numbers = list(range(416))
result = calculate_sum(numbers)
print(result)",5,1,0,0,2,0,O(1),O(1),100
"def search(numbers, target):

    for number in numbers:

        if number == target:
            return True

    return False

numbers = list(range(137))
result = search(numbers, 123)
print(result)",8,1,1,1,2,1,O(n),O(1),82
"def analyze_numbers(numbers):

    result = []

    for number in numbers:

        if number > 13:

            if number % 2 == 0:
                result.append(number * 2)

            else:
                result.append(number + 1)

    return result

numbers = list(range(58))
result = analyze_numbers(numbers)
print(result)",12,1,1,2,3,1,O(n),O(n),80
"def classify(numbers):

    result = []

    for number in numbers:

        if number > 10:
            if number > 20:
                if number > 30:
                    if number > 40:
                        if number > 50:
                            result.append(
                                ""very-large""
                            )

    return result

numbers = list(range(12))
result = classify(numbers)
print(result)",15,1,1,5,3,1,O(n),O(n),62
"def find_max(numbers):
    return max(numbers)

numbers = list(range(420))
result = find_max(numbers)
print(result)",5,1,0,0,2,0,O(1),O(1),100
"def search(numbers, target):

    for number in numbers:

        if number == target:
            return True

    return False

numbers = list(range(141))
result = search(numbers, 119)
print(result)",8,1,1,1,2,1,O(n),O(1),83
"def analyze_numbers(numbers):

    result = []

    for number in numbers:

        if number > 17:

            if number % 2 == 0:
                result.append(number * 2)

            else:
                result.append(number + 1)

    return result

numbers = list(range(12))
result = analyze_numbers(numbers)
print(result)",12,1,1,2,3,1,O(n),O(n),74
"def classify(numbers):

    result = []

    for number in numbers:

        if number > 10:
            if number > 20:
                if number > 30:
                    if number > 40:
                        if number > 50:
                            result.append(
                                ""very-large""
                            )

    return result

numbers = list(range(6))
result = classify(numbers)
print(result)",15,1,1,5,3,1,O(n),O(n),60
"def filter_numbers(numbers):
    return [
        number for number in numbers
        if number > 14
    ]

numbers = list(range(424))
result = filter_numbers(numbers)
print(result)",8,1,0,0,2,0,O(1),O(n),100
"def search(numbers, target):

    for number in numbers:

        if number == target:
            return True

    return False

numbers = list(range(145))
result = search(numbers, 115)
print(result)",8,1,1,1,2,1,O(n),O(1),86
"def analyze_numbers(numbers):

    result = []

    for number in numbers:

        if number > 21:

            if number % 2 == 0:
                result.append(number * 2)

            else:
                result.append(number + 1)

    return result

numbers = list(range(16))
result = analyze_numbers(numbers)
print(result)",12,1,1,2,3,1,O(n),O(n),79
"def classify(numbers):

    result = []

    for number in numbers:

        if number > 10:
            if number > 20:
                if number > 30:
                    if number > 40:
                        if number > 50:
                            result.append(
                                ""very-large""
                            )

    return result

numbers = list(range(10))
result = classify(numbers)
print(result)",15,1,1,5,3,1,O(n),O(n),55
"def calculate_sum(numbers):
    return sum(numbers)

numbers = list(range(428))
result = calculate_sum(numbers)
print(result)",5,1,0,0,2,0,O(1),O(1),100
"def search(numbers, target):

    for number in numbers:

        if number == target:
            return True

    return False

numbers = list(range(149))
result = search(numbers, 111)
print(result)",8,1,1,1,2,1,O(n),O(1),81
"def analyze_numbers(numbers):

    result = []

    for number in numbers:

        if number > 25:

            if number % 2 == 0:
                result.append(number * 2)

            else:
                result.append(number + 1)

    return result

numbers = list(range(20))
result = analyze_numbers(numbers)
print(result)",12,1,1,2,3,1,O(n),O(n),77
"def classify(numbers):

    result = []

    for number in numbers:

        if number > 10:
            if number > 20:
                if number > 30:
                    if number > 40:
                        if number > 50:
                            result.append(
                                ""very-large""
                            )

    return result

numbers = list(range(4))
result = classify(numbers)
print(result)",15,1,1,5,3,1,O(n),O(n),61
"def find_max(numbers):
    return max(numbers)

numbers = list(range(432))
result = find_max(numbers)
print(result)",5,1,0,0,2,0,O(1),O(1),100
"def search(numbers, target):

    for number in numbers:

        if number == target:
            return True

    return False

numbers = list(range(153))
result = search(numbers, 107)
print(result)",8,1,1,1,2,1,O(n),O(1),83
"def analyze_numbers(numbers):

    result = []

    for number in numbers:

        if number > 29:

            if number % 2 == 0:
                result.append(number * 2)

            else:
                result.append(number + 1)

    return result

numbers = list(range(24))
result = analyze_numbers(numbers)
print(result)",12,1,1,2,3,1,O(n),O(n),76
"def classify(numbers):

    result = []

    for number in numbers:

        if number > 10:
            if number > 20:
                if number > 30:
                    if number > 40:
                        if number > 50:
                            result.append(
                                ""very-large""
                            )

    return result

numbers = list(range(8))
result = classify(numbers)
print(result)",15,1,1,5,3,1,O(n),O(n),60
"def filter_numbers(numbers):
    return [
        number for number in numbers
        if number > 26
    ]

numbers = list(range(436))
result = filter_numbers(numbers)
print(result)",8,1,0,0,2,0,O(1),O(n),100
"def search(numbers, target):

    for number in numbers:

        if number == target:
            return True

    return False

numbers = list(range(157))
result = search(numbers, 103)
print(result)",8,1,1,1,2,1,O(n),O(1),88
"def analyze_numbers(numbers):

    result = []

    for number in numbers:

        if number > 33:

            if number % 2 == 0:
                result.append(number * 2)

            else:
                result.append(number + 1)

    return result

numbers = list(range(28))
result = analyze_numbers(numbers)
print(result)",12,1,1,2,3,1,O(n),O(n),70
"def classify(numbers):

    result = []

    for number in numbers:

        if number > 10:
            if number > 20:
                if number > 30:
                    if number > 40:
                        if number > 50:
                            result.append(
                                ""very-large""
                            )

    return result

numbers = list(range(12))
result = classify(numbers)
print(result)",15,1,1,5,3,1,O(n),O(n),61
"def calculate_sum(numbers):
    return sum(numbers)

numbers = list(range(440))
result = calculate_sum(numbers)
print(result)",5,1,0,0,2,0,O(1),O(1),100
"def search(numbers, target):

    for number in numbers:

        if number == target:
            return True

    return False

numbers = list(range(161))
result = search(numbers, 99)
print(result)",8,1,1,1,2,1,O(n),O(1),83
"def analyze_numbers(numbers):

    result = []

    for number in numbers:

        if number > 7:

            if number % 2 == 0:
                result.append(number * 2)

            else:
                result.append(number + 1)

    return result

numbers = list(range(32))
result = analyze_numbers(numbers)
print(result)",12,1,1,2,3,1,O(n),O(n),76
"def classify(numbers):

    result = []

    for number in numbers:

        if number > 10:
            if number > 20:
                if number > 30:
                    if number > 40:
                        if number > 50:
                            result.append(
                                ""very-large""
                            )

    return result

numbers = list(range(6))
result = classify(numbers)
print(result)",15,1,1,5,3,1,O(n),O(n),65
"def find_max(numbers):
    return max(numbers)

numbers = list(range(444))
result = find_max(numbers)
print(result)",5,1,0,0,2,0,O(1),O(1),100
"def search(numbers, target):

    for number in numbers:

        if number == target:
            return True

    return False

numbers = list(range(165))
result = search(numbers, 95)
print(result)",8,1,1,1,2,1,O(n),O(1),83
"def analyze_numbers(numbers):

    result = []

    for number in numbers:

        if number > 11:

            if number % 2 == 0:
                result.append(number * 2)

            else:
                result.append(number + 1)

    return result

numbers = list(range(36))
result = analyze_numbers(numbers)
print(result)",12,1,1,2,3,1,O(n),O(n),70
"def classify(numbers):

    result = []

    for number in numbers:

        if number > 10:
            if number > 20:
                if number > 30:
                    if number > 40:
                        if number > 50:
                            result.append(
                                ""very-large""
                            )

    return result

numbers = list(range(10))
result = classify(numbers)
print(result)",15,1,1,5,3,1,O(n),O(n),51
"def filter_numbers(numbers):
    return [
        number for number in numbers
        if number > 38
    ]

numbers = list(range(448))
result = filter_numbers(numbers)
print(result)",8,1,0,0,2,0,O(1),O(n),100
"def search(numbers, target):

    for number in numbers:

        if number == target:
            return True

    return False

numbers = list(range(169))
result = search(numbers, 91)
print(result)",8,1,1,1,2,1,O(n),O(1),83
"def analyze_numbers(numbers):

    result = []

    for number in numbers:

        if number > 15:

            if number % 2 == 0:
                result.append(number * 2)

            else:
                result.append(number + 1)

    return result

numbers = list(range(40))
result = analyze_numbers(numbers)
print(result)",12,1,1,2,3,1,O(n),O(n),80
"def classify(numbers):

    result = []

    for number in numbers:

        if number > 10:
            if number > 20:
                if number > 30:
                    if number > 40:
                        if number > 50:
                            result.append(
                                ""very-large""
                            )

    return result

numbers = list(range(4))
result = classify(numbers)
print(result)",15,1,1,5,3,1,O(n),O(n),64
"def calculate_sum(numbers):
    return sum(numbers)

numbers = list(range(452))
result = calculate_sum(numbers)
print(result)",5,1,0,0,2,0,O(1),O(1),100
"def search(numbers, target):

    for number in numbers:

        if number == target:
            return True

    return False

numbers = list(range(173))
result = search(numbers, 87)
print(result)",8,1,1,1,2,1,O(n),O(1),86
"def analyze_numbers(numbers):

    result = []

    for number in numbers:

        if number > 19:

            if number % 2 == 0:
                result.append(number * 2)

            else:
                result.append(number + 1)

    return result

numbers = list(range(44))
result = analyze_numbers(numbers)
print(result)",12,1,1,2,3,1,O(n),O(n),71
"def classify(numbers):

    result = []

    for number in numbers:

        if number > 10:
            if number > 20:
                if number > 30:
                    if number > 40:
                        if number > 50:
                            result.append(
                                ""very-large""
                            )

    return result

numbers = list(range(8))
result = classify(numbers)
print(result)",15,1,1,5,3,1,O(n),O(n),59
"def find_max(numbers):
    return max(numbers)

numbers = list(range(456))
result = find_max(numbers)
print(result)",5,1,0,0,2,0,O(1),O(1),100
"def search(numbers, target):

    for number in numbers:

        if number == target:
            return True

    return False

numbers = list(range(177))
result = search(numbers, 83)
print(result)",8,1,1,1,2,1,O(n),O(1),87
"def analyze_numbers(numbers):

    result = []

    for number in numbers:

        if number > 23:

            if number % 2 == 0:
                result.append(number * 2)

            else:
                result.append(number + 1)

    return result

numbers = list(range(48))
result = analyze_numbers(numbers)
print(result)",12,1,1,2,3,1,O(n),O(n),71
"def classify(numbers):

    result = []

    for number in numbers:

        if number > 10:
            if number > 20:
                if number > 30:
                    if number > 40:
                        if number > 50:
                            result.append(
                                ""very-large""
                            )

    return result

numbers = list(range(12))
result = classify(numbers)
print(result)",15,1,1,5,3,1,O(n),O(n),54
"def filter_numbers(numbers):
    return [
        number for number in numbers
        if number > 50
    ]

numbers = list(range(460))
result = filter_numbers(numbers)
print(result)",8,1,0,0,2,0,O(1),O(n),100
"def search(numbers, target):

    for number in numbers:

        if number == target:
            return True

    return False

numbers = list(range(181))
result = search(numbers, 79)
print(result)",8,1,1,1,2,1,O(n),O(1),83
"def analyze_numbers(numbers):

    result = []

    for number in numbers:

        if number > 27:

            if number % 2 == 0:
                result.append(number * 2)

            else:
                result.append(number + 1)

    return result

numbers = list(range(52))
result = analyze_numbers(numbers)
print(result)",12,1,1,2,3,1,O(n),O(n),74
"def classify(numbers):

    result = []

    for number in numbers:

        if number > 10:
            if number > 20:
                if number > 30:
                    if number > 40:
                        if number > 50:
                            result.append(
                                ""very-large""
                            )

    return result

numbers = list(range(6))
result = classify(numbers)
print(result)",15,1,1,5,3,1,O(n),O(n),51
"def calculate_sum(numbers):
    return sum(numbers)

numbers = list(range(464))
result = calculate_sum(numbers)
print(result)",5,1,0,0,2,0,O(1),O(1),100
"def search(numbers, target):

    for number in numbers:

        if number == target:
            return True

    return False

numbers = list(range(185))
result = search(numbers, 75)
print(result)",8,1,1,1,2,1,O(n),O(1),82
"def analyze_numbers(numbers):

    result = []

    for number in numbers:

        if number > 31:

            if number % 2 == 0:
                result.append(number * 2)

            else:
                result.append(number + 1)

    return result

numbers = list(range(56))
result = analyze_numbers(numbers)
print(result)",12,1,1,2,3,1,O(n),O(n),71
"def classify(numbers):

    result = []

    for number in numbers:

        if number > 10:
            if number > 20:
                if number > 30:
                    if number > 40:
                        if number > 50:
                            result.append(
                                ""very-large""
                            )

    return result

numbers = list(range(10))
result = classify(numbers)
print(result)",15,1,1,5,3,1,O(n),O(n),61
"def find_max(numbers):
    return max(numbers)

numbers = list(range(468))
result = find_max(numbers)
print(result)",5,1,0,0,2,0,O(1),O(1),100
"def search(numbers, target):

    for number in numbers:

        if number == target:
            return True

    return False

numbers = list(range(189))
result = search(numbers, 71)
print(result)",8,1,1,1,2,1,O(n),O(1),88
"def analyze_numbers(numbers):

    result = []

    for number in numbers:

        if number > 5:

            if number % 2 == 0:
                result.append(number * 2)

            else:
                result.append(number + 1)

    return result

numbers = list(range(10))
result = analyze_numbers(numbers)
print(result)",12,1,1,2,3,1,O(n),O(n),74
"def classify(numbers):

    result = []

    for number in numbers:

        if number > 10:
            if number > 20:
                if number > 30:
                    if number > 40:
                        if number > 50:
                            result.append(
                                ""very-large""
                            )

    return result

numbers = list(range(4))
result = classify(numbers)
print(result)",15,1,1,5,3,1,O(n),O(n),67
"def filter_numbers(numbers):
    return [
        number for number in numbers
        if number > 12
    ]

numbers = list(range(472))
result = filter_numbers(numbers)
print(result)",8,1,0,0,2,0,O(1),O(n),100
"def search(numbers, target):

    for number in numbers:

        if number == target:
            return True

    return False

numbers = list(range(193))
result = search(numbers, 67)
print(result)",8,1,1,1,2,1,O(n),O(1),85
"def analyze_numbers(numbers):

    result = []

    for number in numbers:

        if number > 9:

            if number % 2 == 0:
                result.append(number * 2)

            else:
                result.append(number + 1)

    return result

numbers = list(range(14))
result = analyze_numbers(numbers)
print(result)",12,1,1,2,3,1,O(n),O(n),75
"def classify(numbers):

    result = []

    for number in numbers:

        if number > 10:
            if number > 20:
                if number > 30:
                    if number > 40:
                        if number > 50:
                            result.append(
                                ""very-large""
                            )

    return result

numbers = list(range(8))
result = classify(numbers)
print(result)",15,1,1,5,3,1,O(n),O(n),54
"def calculate_sum(numbers):
    return sum(numbers)

numbers = list(range(476))
result = calculate_sum(numbers)
print(result)",5,1,0,0,2,0,O(1),O(1),100
"def search(numbers, target):

    for number in numbers:

        if number == target:
            return True

    return False

numbers = list(range(197))
result = search(numbers, 63)
print(result)",8,1,1,1,2,1,O(n),O(1),83
"def analyze_numbers(numbers):

    result = []

    for number in numbers:

        if number > 13:

            if number % 2 == 0:
                result.append(number * 2)

            else:
                result.append(number + 1)

    return result

numbers = list(range(18))
result = analyze_numbers(numbers)
print(result)",12,1,1,2,3,1,O(n),O(n),71
"def classify(numbers):

    result = []

    for number in numbers:

        if number > 10:
            if number > 20:
                if number > 30:
                    if number > 40:
                        if number > 50:
                            result.append(
                                ""very-large""
                            )

    return result

numbers = list(range(12))
result = classify(numbers)
print(result)",15,1,1,5,3,1,O(n),O(n),57
"def find_max(numbers):
    return max(numbers)

numbers = list(range(480))
result = find_max(numbers)
print(result)",5,1,0,0,2,0,O(1),O(1),100
"def search(numbers, target):

    for number in numbers:

        if number == target:
            return True

    return False

numbers = list(range(201))
result = search(numbers, 59)
print(result)",8,1,1,1,2,1,O(n),O(1),87
"def analyze_numbers(numbers):

    result = []

    for number in numbers:

        if number > 17:

            if number % 2 == 0:
                result.append(number * 2)

            else:
                result.append(number + 1)

    return result

numbers = list(range(22))
result = analyze_numbers(numbers)
print(result)",12,1,1,2,3,1,O(n),O(n),76
"def classify(numbers):

    result = []

    for number in numbers:

        if number > 10:
            if number > 20:
                if number > 30:
                    if number > 40:
                        if number > 50:
                            result.append(
                                ""very-large""
                            )

    return result

numbers = list(range(6))
result = classify(numbers)
print(result)",15,1,1,5,3,1,O(n),O(n),51
"def filter_numbers(numbers):
    return [
        number for number in numbers
        if number > 24
    ]

numbers = list(range(484))
result = filter_numbers(numbers)
print(result)",8,1,0,0,2,0,O(1),O(n),100
"def search(numbers, target):

    for number in numbers:

        if number == target:
            return True

    return False

numbers = list(range(205))
result = search(numbers, 55)
print(result)",8,1,1,1,2,1,O(n),O(1),82
"def analyze_numbers(numbers):

    result = []

    for number in numbers:

        if number > 21:

            if number % 2 == 0:
                result.append(number * 2)

            else:
                result.append(number + 1)

    return result

numbers = list(range(26))
result = analyze_numbers(numbers)
print(result)",12,1,1,2,3,1,O(n),O(n),75
"def classify(numbers):

    result = []

    for number in numbers:

        if number > 10:
            if number > 20:
                if number > 30:
                    if number > 40:
                        if number > 50:
                            result.append(
                                ""very-large""
                            )

    return result

numbers = list(range(10))
result = classify(numbers)
print(result)",15,1,1,5,3,1,O(n),O(n),55
"def calculate_sum(numbers):
    return sum(numbers)

numbers = list(range(488))
result = calculate_sum(numbers)
print(result)",5,1,0,0,2,0,O(1),O(1),100
"def search(numbers, target):

    for number in numbers:

        if number == target:
            return True

    return False

numbers = list(range(209))
result = search(numbers, 51)
print(result)",8,1,1,1,2,1,O(n),O(1),84
"def analyze_numbers(numbers):

    result = []

    for number in numbers:

        if number > 25:

            if number % 2 == 0:
                result.append(number * 2)

            else:
                result.append(number + 1)

    return result

numbers = list(range(30))
result = analyze_numbers(numbers)
print(result)",12,1,1,2,3,1,O(n),O(n),72
"def classify(numbers):

    result = []

    for number in numbers:

        if number > 10:
            if number > 20:
                if number > 30:
                    if number > 40:
                        if number > 50:
                            result.append(
                                ""very-large""
                            )

    return result

numbers = list(range(4))
result = classify(numbers)
print(result)",15,1,1,5,3,1,O(n),O(n),63
"def find_max(numbers):
    return max(numbers)

numbers = list(range(492))
result = find_max(numbers)
print(result)",5,1,0,0,2,0,O(1),O(1),100
"def search(numbers, target):

    for number in numbers:

        if number == target:
            return True

    return False

numbers = list(range(213))
result = search(numbers, 47)
print(result)",8,1,1,1,2,1,O(n),O(1),82
"def analyze_numbers(numbers):

    result = []

    for number in numbers:

        if number > 29:

            if number % 2 == 0:
                result.append(number * 2)

            else:
                result.append(number + 1)

    return result

numbers = list(range(34))
result = analyze_numbers(numbers)
print(result)",12,1,1,2,3,1,O(n),O(n),70
"def classify(numbers):

    result = []

    for number in numbers:

        if number > 10:
            if number > 20:
                if number > 30:
                    if number > 40:
                        if number > 50:
                            result.append(
                                ""very-large""
                            )

    return result

numbers = list(range(8))
result = classify(numbers)
print(result)",15,1,1,5,3,1,O(n),O(n),55
"def filter_numbers(numbers):
    return [
        number for number in numbers
        if number > 36
    ]

numbers = list(range(496))
result = filter_numbers(numbers)
print(result)",8,1,0,0,2,0,O(1),O(n),100
"def search(numbers, target):

    for number in numbers:

        if number == target:
            return True

    return False

numbers = list(range(217))
result = search(numbers, 43)
print(result)",8,1,1,1,2,1,O(n),O(1),86
"def analyze_numbers(numbers):

    result = []

    for number in numbers:

        if number > 33:

            if number % 2 == 0:
                result.append(number * 2)

            else:
                result.append(number + 1)

    return result

numbers = list(range(38))
result = analyze_numbers(numbers)
print(result)",12,1,1,2,3,1,O(n),O(n),71
"def classify(numbers):

    result = []

    for number in numbers:

        if number > 10:
            if number > 20:
                if number > 30:
                    if number > 40:
                        if number > 50:
                            result.append(
                                ""very-large""
                            )

    return result

numbers = list(range(12))
result = classify(numbers)
print(result)",15,1,1,5,3,1,O(n),O(n),58
"def calculate_sum(numbers):
    return sum(numbers)

numbers = list(range(20))
result = calculate_sum(numbers)
print(result)",5,1,0,0,2,0,O(1),O(1),100
"def search(numbers, target):

    for number in numbers:

        if number == target:
            return True

    return False

numbers = list(range(221))
result = search(numbers, 39)
print(result)",8,1,1,1,2,1,O(n),O(1),88
"def analyze_numbers(numbers):

    result = []

    for number in numbers:

        if number > 7:

            if number % 2 == 0:
                result.append(number * 2)

            else:
                result.append(number + 1)

    return result

numbers = list(range(42))
result = analyze_numbers(numbers)
print(result)",12,1,1,2,3,1,O(n),O(n),76
"def classify(numbers):

    result = []

    for number in numbers:

        if number > 10:
            if number > 20:
                if number > 30:
                    if number > 40:
                        if number > 50:
                            result.append(
                                ""very-large""
                            )

    return result

numbers = list(range(6))
result = classify(numbers)
print(result)",15,1,1,5,3,1,O(n),O(n),58
"def find_max(numbers):
    return max(numbers)

numbers = list(range(24))
result = find_max(numbers)
print(result)",5,1,0,0,2,0,O(1),O(1),100
"def search(numbers, target):

    for number in numbers:

        if number == target:
            return True

    return False

numbers = list(range(225))
result = search(numbers, 35)
print(result)",8,1,1,1,2,1,O(n),O(1),82
"def analyze_numbers(numbers):

    result = []

    for number in numbers:

        if number > 11:

            if number % 2 == 0:
                result.append(number * 2)

            else:
                result.append(number + 1)

    return result

numbers = list(range(46))
result = analyze_numbers(numbers)
print(result)",12,1,1,2,3,1,O(n),O(n),71
"def classify(numbers):

    result = []

    for number in numbers:

        if number > 10:
            if number > 20:
                if number > 30:
                    if number > 40:
                        if number > 50:
                            result.append(
                                ""very-large""
                            )

    return result

numbers = list(range(10))
result = classify(numbers)
print(result)",15,1,1,5,3,1,O(n),O(n),57
"def filter_numbers(numbers):
    return [
        number for number in numbers
        if number > 48
    ]

numbers = list(range(28))
result = filter_numbers(numbers)
print(result)",8,1,0,0,2,0,O(1),O(n),100
"def search(numbers, target):

    for number in numbers:

        if number == target:
            return True

    return False

numbers = list(range(229))
result = search(numbers, 31)
print(result)",8,1,1,1,2,1,O(n),O(1),81
"def analyze_numbers(numbers):

    result = []

    for number in numbers:

        if number > 15:

            if number % 2 == 0:
                result.append(number * 2)

            else:
                result.append(number + 1)

    return result

numbers = list(range(50))
result = analyze_numbers(numbers)
print(result)",12,1,1,2,3,1,O(n),O(n),73
"def classify(numbers):

    result = []

    for number in numbers:

        if number > 10:
            if number > 20:
                if number > 30:
                    if number > 40:
                        if number > 50:
                            result.append(
                                ""very-large""
                            )

    return result

numbers = list(range(4))
result = classify(numbers)
print(result)",15,1,1,5,3,1,O(n),O(n),61
"def calculate_sum(numbers):
    return sum(numbers)

numbers = list(range(32))
result = calculate_sum(numbers)
print(result)",5,1,0,0,2,0,O(1),O(1),100
"def search(numbers, target):

    for number in numbers:

        if number == target:
            return True

    return False

numbers = list(range(233))
result = search(numbers, 27)
print(result)",8,1,1,1,2,1,O(n),O(1),81
"def analyze_numbers(numbers):

    result = []

    for number in numbers:

        if number > 19:

            if number % 2 == 0:
                result.append(number * 2)

            else:
                result.append(number + 1)

    return result

numbers = list(range(54))
result = analyze_numbers(numbers)
print(result)",12,1,1,2,3,1,O(n),O(n),78
"def classify(numbers):

    result = []

    for number in numbers:

        if number > 10:
            if number > 20:
                if number > 30:
                    if number > 40:
                        if number > 50:
                            result.append(
                                ""very-large""
                            )

    return result

numbers = list(range(8))
result = classify(numbers)
print(result)",15,1,1,5,3,1,O(n),O(n),65
"def find_max(numbers):
    return max(numbers)

numbers = list(range(36))
result = find_max(numbers)
print(result)",5,1,0,0,2,0,O(1),O(1),100
"def search(numbers, target):

    for number in numbers:

        if number == target:
            return True

    return False

numbers = list(range(237))
result = search(numbers, 23)
print(result)",8,1,1,1,2,1,O(n),O(1),83
"def analyze_numbers(numbers):

    result = []

    for number in numbers:

        if number > 23:

            if number % 2 == 0:
                result.append(number * 2)

            else:
                result.append(number + 1)

    return result

numbers = list(range(58))
result = analyze_numbers(numbers)
print(result)",12,1,1,2,3,1,O(n),O(n),79
"def classify(numbers):

    result = []

    for number in numbers:

        if number > 10:
            if number > 20:
                if number > 30:
                    if number > 40:
                        if number > 50:
                            result.append(
                                ""very-large""
                            )

    return result

numbers = list(range(12))
result = classify(numbers)
print(result)",15,1,1,5,3,1,O(n),O(n),60
"def filter_numbers(numbers):
    return [
        number for number in numbers
        if number > 10
    ]

numbers = list(range(40))
result = filter_numbers(numbers)
print(result)",8,1,0,0,2,0,O(1),O(n),100
"def search(numbers, target):

    for number in numbers:

        if number == target:
            return True

    return False

numbers = list(range(241))
result = search(numbers, 19)
print(result)",8,1,1,1,2,1,O(n),O(1),84
"def analyze_numbers(numbers):

    result = []

    for number in numbers:

        if number > 27:

            if number % 2 == 0:
                result.append(number * 2)

            else:
                result.append(number + 1)

    return result

numbers = list(range(12))
result = analyze_numbers(numbers)
print(result)",12,1,1,2,3,1,O(n),O(n),77
"def classify(numbers):

    result = []

    for number in numbers:

        if number > 10:
            if number > 20:
                if number > 30:
                    if number > 40:
                        if number > 50:
                            result.append(
                                ""very-large""
                            )

    return result

numbers = list(range(6))
result = classify(numbers)
print(result)",15,1,1,5,3,1,O(n),O(n),61
"def calculate_sum(numbers):
    return sum(numbers)

numbers = list(range(44))
result = calculate_sum(numbers)
print(result)",5,1,0,0,2,0,O(1),O(1),100
"def search(numbers, target):

    for number in numbers:

        if number == target:
            return True

    return False

numbers = list(range(245))
result = search(numbers, 15)
print(result)",8,1,1,1,2,1,O(n),O(1),88
"def analyze_numbers(numbers):

    result = []

    for number in numbers:

        if number > 31:

            if number % 2 == 0:
                result.append(number * 2)

            else:
                result.append(number + 1)

    return result

numbers = list(range(16))
result = analyze_numbers(numbers)
print(result)",12,1,1,2,3,1,O(n),O(n),80
"def classify(numbers):

    result = []

    for number in numbers:

        if number > 10:
            if number > 20:
                if number > 30:
                    if number > 40:
                        if number > 50:
                            result.append(
                                ""very-large""
                            )

    return result

numbers = list(range(10))
result = classify(numbers)
print(result)",15,1,1,5,3,1,O(n),O(n),60
"def find_max(numbers):
    return max(numbers)

numbers = list(range(48))
result = find_max(numbers)
print(result)",5,1,0,0,2,0,O(1),O(1),100
"def search(numbers, target):

    for number in numbers:

        if number == target:
            return True

    return False

numbers = list(range(249))
result = search(numbers, 11)
print(result)",8,1,1,1,2,1,O(n),O(1),87
"def analyze_numbers(numbers):

    result = []

    for number in numbers:

        if number > 5:

            if number % 2 == 0:
                result.append(number * 2)

            else:
                result.append(number + 1)

    return result

numbers = list(range(20))
result = analyze_numbers(numbers)
print(result)",12,1,1,2,3,1,O(n),O(n),73
"def classify(numbers):

    result = []

    for number in numbers:

        if number > 10:
            if number > 20:
                if number > 30:
                    if number > 40:
                        if number > 50:
                            result.append(
                                ""very-large""
                            )

    return result

numbers = list(range(4))
result = classify(numbers)
print(result)",15,1,1,5,3,1,O(n),O(n),54
"def filter_numbers(numbers):
    return [
        number for number in numbers
        if number > 22
    ]

numbers = list(range(52))
result = filter_numbers(numbers)
print(result)",8,1,0,0,2,0,O(1),O(n),100
"def search(numbers, target):

    for number in numbers:

        if number == target:
            return True

    return False

numbers = list(range(253))
result = search(numbers, 7)
print(result)",8,1,1,1,2,1,O(n),O(1),85
"def analyze_numbers(numbers):

    result = []

    for number in numbers:

        if number > 9:

            if number % 2 == 0:
                result.append(number * 2)

            else:
                result.append(number + 1)

    return result

numbers = list(range(24))
result = analyze_numbers(numbers)
print(result)",12,1,1,2,3,1,O(n),O(n),74
"def classify(numbers):

    result = []

    for number in numbers:

        if number > 10:
            if number > 20:
                if number > 30:
                    if number > 40:
                        if number > 50:
                            result.append(
                                ""very-large""
                            )

    return result

numbers = list(range(8))
result = classify(numbers)
print(result)",15,1,1,5,3,1,O(n),O(n),52
"def calculate_sum(numbers):
    return sum(numbers)

numbers = list(range(56))
result = calculate_sum(numbers)
print(result)",5,1,0,0,2,0,O(1),O(1),100
"def search(numbers, target):

    for number in numbers:

        if number == target:
            return True

    return False

numbers = list(range(257))
result = search(numbers, 3)
print(result)",8,1,1,1,2,1,O(n),O(1),85
"def analyze_numbers(numbers):

    result = []

    for number in numbers:

        if number > 13:

            if number % 2 == 0:
                result.append(number * 2)

            else:
                result.append(number + 1)

    return result

numbers = list(range(28))
result = analyze_numbers(numbers)
print(result)",12,1,1,2,3,1,O(n),O(n),78
"def classify(numbers):

    result = []

    for number in numbers:

        if number > 10:
            if number > 20:
                if number > 30:
                    if number > 40:
                        if number > 50:
                            result.append(
                                ""very-large""
                            )

    return result

numbers = list(range(12))
result = classify(numbers)
print(result)",15,1,1,5,3,1,O(n),O(n),67
"def find_max(numbers):
    return max(numbers)

numbers = list(range(60))
result = find_max(numbers)
print(result)",5,1,0,0,2,0,O(1),O(1),100
"def search(numbers, target):

    for number in numbers:

        if number == target:
            return True

    return False

numbers = list(range(261))
result = search(numbers, 260)
print(result)",8,1,1,1,2,1,O(n),O(1),82
"def analyze_numbers(numbers):

    result = []

    for number in numbers:

        if number > 17:

            if number % 2 == 0:
                result.append(number * 2)

            else:
                result.append(number + 1)

    return result

numbers = list(range(32))
result = analyze_numbers(numbers)
print(result)",12,1,1,2,3,1,O(n),O(n),77
"def classify(numbers):

    result = []

    for number in numbers:

        if number > 10:
            if number > 20:
                if number > 30:
                    if number > 40:
                        if number > 50:
                            result.append(
                                ""very-large""
                            )

    return result

numbers = list(range(6))
result = classify(numbers)
print(result)",15,1,1,5,3,1,O(n),O(n),62
"def filter_numbers(numbers):
    return [
        number for number in numbers
        if number > 34
    ]

numbers = list(range(64))
result = filter_numbers(numbers)
print(result)",8,1,0,0,2,0,O(1),O(n),100
"def search(numbers, target):

    for number in numbers:

        if number == target:
            return True

    return False

numbers = list(range(265))
result = search(numbers, 260)
print(result)",8,1,1,1,2,1,O(n),O(1),81
"def analyze_numbers(numbers):

    result = []

    for number in numbers:

        if number > 21:

            if number % 2 == 0:
                result.append(number * 2)

            else:
                result.append(number + 1)

    return result

numbers = list(range(36))
result = analyze_numbers(numbers)
print(result)",12,1,1,2,3,1,O(n),O(n),80
"def classify(numbers):

    result = []

    for number in numbers:

        if number > 10:
            if number > 20:
                if number > 30:
                    if number > 40:
                        if number > 50:
                            result.append(
                                ""very-large""
                            )

    return result

numbers = list(range(10))
result = classify(numbers)
print(result)",15,1,1,5,3,1,O(n),O(n),60
"def calculate_sum(numbers):
    return sum(numbers)

numbers = list(range(68))
result = calculate_sum(numbers)
print(result)",5,1,0,0,2,0,O(1),O(1),100
"def search(numbers, target):

    for number in numbers:

        if number == target:
            return True

    return False

numbers = list(range(269))
result = search(numbers, 260)
print(result)",8,1,1,1,2,1,O(n),O(1),81
"def analyze_numbers(numbers):

    result = []

    for number in numbers:

        if number > 25:

            if number % 2 == 0:
                result.append(number * 2)

            else:
                result.append(number + 1)

    return result

numbers = list(range(40))
result = analyze_numbers(numbers)
print(result)",12,1,1,2,3,1,O(n),O(n),78
"def classify(numbers):

    result = []

    for number in numbers:

        if number > 10:
            if number > 20:
                if number > 30:
                    if number > 40:
                        if number > 50:
                            result.append(
                                ""very-large""
                            )

    return result

numbers = list(range(4))
result = classify(numbers)
print(result)",15,1,1,5,3,1,O(n),O(n),53
"def find_max(numbers):
    return max(numbers)

numbers = list(range(72))
result = find_max(numbers)
print(result)",5,1,0,0,2,0,O(1),O(1),100
"def search(numbers, target):

    for number in numbers:

        if number == target:
            return True

    return False

numbers = list(range(273))
result = search(numbers, 260)
print(result)",8,1,1,1,2,1,O(n),O(1),83
"def analyze_numbers(numbers):

    result = []

    for number in numbers:

        if number > 29:

            if number % 2 == 0:
                result.append(number * 2)

            else:
                result.append(number + 1)

    return result

numbers = list(range(44))
result = analyze_numbers(numbers)
print(result)",12,1,1,2,3,1,O(n),O(n),73
"def classify(numbers):

    result = []

    for number in numbers:

        if number > 10:
            if number > 20:
                if number > 30:
                    if number > 40:
                        if number > 50:
                            result.append(
                                ""very-large""
                            )

    return result

numbers = list(range(8))
result = classify(numbers)
print(result)",15,1,1,5,3,1,O(n),O(n),51
"def filter_numbers(numbers):
    return [
        number for number in numbers
        if number > 46
    ]

numbers = list(range(76))
result = filter_numbers(numbers)
print(result)",8,1,0,0,2,0,O(1),O(n),100
"def search(numbers, target):

    for number in numbers:

        if number == target:
            return True

    return False

numbers = list(range(277))
result = search(numbers, 260)
print(result)",8,1,1,1,2,1,O(n),O(1),81
"def analyze_numbers(numbers):

    result = []

    for number in numbers:

        if number > 33:

            if number % 2 == 0:
                result.append(number * 2)

            else:
                result.append(number + 1)

    return result

numbers = list(range(48))
result = analyze_numbers(numbers)
print(result)",12,1,1,2,3,1,O(n),O(n),78
"def classify(numbers):

    result = []

    for number in numbers:

        if number > 10:
            if number > 20:
                if number > 30:
                    if number > 40:
                        if number > 50:
                            result.append(
                                ""very-large""
                            )

    return result

numbers = list(range(12))
result = classify(numbers)
print(result)",15,1,1,5,3,1,O(n),O(n),52
"def calculate_sum(numbers):
    return sum(numbers)

numbers = list(range(80))
result = calculate_sum(numbers)
print(result)",5,1,0,0,2,0,O(1),O(1),100
"def search(numbers, target):

    for number in numbers:

        if number == target:
            return True

    return False

numbers = list(range(281))
result = search(numbers, 260)
print(result)",8,1,1,1,2,1,O(n),O(1),84
"def analyze_numbers(numbers):

    result = []

    for number in numbers:

        if number > 7:

            if number % 2 == 0:
                result.append(number * 2)

            else:
                result.append(number + 1)

    return result

numbers = list(range(52))
result = analyze_numbers(numbers)
print(result)",12,1,1,2,3,1,O(n),O(n),77
"def classify(numbers):

    result = []

    for number in numbers:

        if number > 10:
            if number > 20:
                if number > 30:
                    if number > 40:
                        if number > 50:
                            result.append(
                                ""very-large""
                            )

    return result

numbers = list(range(6))
result = classify(numbers)
print(result)",15,1,1,5,3,1,O(n),O(n),59
"def find_max(numbers):
    return max(numbers)

numbers = list(range(84))
result = find_max(numbers)
print(result)",5,1,0,0,2,0,O(1),O(1),100
"def search(numbers, target):

    for number in numbers:

        if number == target:
            return True

    return False

numbers = list(range(285))
result = search(numbers, 260)
print(result)",8,1,1,1,2,1,O(n),O(1),81
"def analyze_numbers(numbers):

    result = []

    for number in numbers:

        if number > 11:

            if number % 2 == 0:
                result.append(number * 2)

            else:
                result.append(number + 1)

    return result

numbers = list(range(56))
result = analyze_numbers(numbers)
print(result)",12,1,1,2,3,1,O(n),O(n),70
"def classify(numbers):

    result = []

    for number in numbers:

        if number > 10:
            if number > 20:
                if number > 30:
                    if number > 40:
                        if number > 50:
                            result.append(
                                ""very-large""
                            )

    return result

numbers = list(range(10))
result = classify(numbers)
print(result)",15,1,1,5,3,1,O(n),O(n),60
"def filter_numbers(numbers):
    return [
        number for number in numbers
        if number > 58
    ]

numbers = list(range(88))
result = filter_numbers(numbers)
print(result)",8,1,0,0,2,0,O(1),O(n),100
"def search(numbers, target):

    for number in numbers:

        if number == target:
            return True

    return False

numbers = list(range(289))
result = search(numbers, 260)
print(result)",8,1,1,1,2,1,O(n),O(1),81
"def analyze_numbers(numbers):

    result = []

    for number in numbers:

        if number > 15:

            if number % 2 == 0:
                result.append(number * 2)

            else:
                result.append(number + 1)

    return result

numbers = list(range(10))
result = analyze_numbers(numbers)
print(result)",12,1,1,2,3,1,O(n),O(n),79
"def classify(numbers):

    result = []

    for number in numbers:

        if number > 10:
            if number > 20:
                if number > 30:
                    if number > 40:
                        if number > 50:
                            result.append(
                                ""very-large""
                            )

    return result

numbers = list(range(4))
result = classify(numbers)
print(result)",15,1,1,5,3,1,O(n),O(n),58
"def calculate_sum(numbers):
    return sum(numbers)

numbers = list(range(92))
result = calculate_sum(numbers)
print(result)",5,1,0,0,2,0,O(1),O(1),100
"def search(numbers, target):

    for number in numbers:

        if number == target:
            return True

    return False

numbers = list(range(293))
result = search(numbers, 260)
print(result)",8,1,1,1,2,1,O(n),O(1),84
"def analyze_numbers(numbers):

    result = []

    for number in numbers:

        if number > 19:

            if number % 2 == 0:
                result.append(number * 2)

            else:
                result.append(number + 1)

    return result

numbers = list(range(14))
result = analyze_numbers(numbers)
print(result)",12,1,1,2,3,1,O(n),O(n),75
"def classify(numbers):

    result = []

    for number in numbers:

        if number > 10:
            if number > 20:
                if number > 30:
                    if number > 40:
                        if number > 50:
                            result.append(
                                ""very-large""
                            )

    return result

numbers = list(range(8))
result = classify(numbers)
print(result)",15,1,1,5,3,1,O(n),O(n),57
"def find_max(numbers):
    return max(numbers)

numbers = list(range(96))
result = find_max(numbers)
print(result)",5,1,0,0,2,0,O(1),O(1),100
"def search(numbers, target):

    for number in numbers:

        if number == target:
            return True

    return False

numbers = list(range(297))
result = search(numbers, 260)
print(result)",8,1,1,1,2,1,O(n),O(1),87
"def analyze_numbers(numbers):

    result = []

    for number in numbers:

        if number > 23:

            if number % 2 == 0:
                result.append(number * 2)

            else:
                result.append(number + 1)

    return result

numbers = list(range(18))
result = analyze_numbers(numbers)
print(result)",12,1,1,2,3,1,O(n),O(n),78
"def classify(numbers):

    result = []

    for number in numbers:

        if number > 10:
            if number > 20:
                if number > 30:
                    if number > 40:
                        if number > 50:
                            result.append(
                                ""very-large""
                            )

    return result

numbers = list(range(12))
result = classify(numbers)
print(result)",15,1,1,5,3,1,O(n),O(n),63
"def filter_numbers(numbers):
    return [
        number for number in numbers
        if number > 20
    ]

numbers = list(range(100))
result = filter_numbers(numbers)
print(result)",8,1,0,0,2,0,O(1),O(n),100
"def search(numbers, target):

    for number in numbers:

        if number == target:
            return True

    return False

numbers = list(range(21))
result = search(numbers, 15)
print(result)",8,1,1,1,2,1,O(n),O(1),82
"def analyze_numbers(numbers):

    result = []

    for number in numbers:

        if number > 27:

            if number % 2 == 0:
                result.append(number * 2)

            else:
                result.append(number + 1)

    return result

numbers = list(range(22))
result = analyze_numbers(numbers)
print(result)",12,1,1,2,3,1,O(n),O(n),78
"def classify(numbers):

    result = []

    for number in numbers:

        if number > 10:
            if number > 20:
                if number > 30:
                    if number > 40:
                        if number > 50:
                            result.append(
                                ""very-large""
                            )

    return result

numbers = list(range(6))
result = classify(numbers)
print(result)",15,1,1,5,3,1,O(n),O(n),61
"def calculate_sum(numbers):
    return sum(numbers)

numbers = list(range(104))
result = calculate_sum(numbers)
print(result)",5,1,0,0,2,0,O(1),O(1),100
"def search(numbers, target):

    for number in numbers:

        if number == target:
            return True

    return False

numbers = list(range(25))
result = search(numbers, 15)
print(result)",8,1,1,1,2,1,O(n),O(1),82
"def analyze_numbers(numbers):

    result = []

    for number in numbers:

        if number > 31:

            if number % 2 == 0:
                result.append(number * 2)

            else:
                result.append(number + 1)

    return result

numbers = list(range(26))
result = analyze_numbers(numbers)
print(result)",12,1,1,2,3,1,O(n),O(n),74
"def classify(numbers):

    result = []

    for number in numbers:

        if number > 10:
            if number > 20:
                if number > 30:
                    if number > 40:
                        if number > 50:
                            result.append(
                                ""very-large""
                            )

    return result

numbers = list(range(10))
result = classify(numbers)
print(result)",15,1,1,5,3,1,O(n),O(n),57
"def find_max(numbers):
    return max(numbers)

numbers = list(range(108))
result = find_max(numbers)
print(result)",5,1,0,0,2,0,O(1),O(1),100
"def search(numbers, target):

    for number in numbers:

        if number == target:
            return True

    return False

numbers = list(range(29))
result = search(numbers, 18)
print(result)",8,1,1,1,2,1,O(n),O(1),81
"def analyze_numbers(numbers):

    result = []

    for number in numbers:

        if number > 5:

            if number % 2 == 0:
                result.append(number * 2)

            else:
                result.append(number + 1)

    return result

numbers = list(range(30))
result = analyze_numbers(numbers)
print(result)",12,1,1,2,3,1,O(n),O(n),74
"def classify(numbers):

    result = []

    for number in numbers:

        if number > 10:
            if number > 20:
                if number > 30:
                    if number > 40:
                        if number > 50:
                            result.append(
                                ""very-large""
                            )

    return result

numbers = list(range(4))
result = classify(numbers)
print(result)",15,1,1,5,3,1,O(n),O(n),66
"def filter_numbers(numbers):
    return [
        number for number in numbers
        if number > 32
    ]

numbers = list(range(112))
result = filter_numbers(numbers)
print(result)",8,1,0,0,2,0,O(1),O(n),100
"def search(numbers, target):

    for number in numbers:

        if number == target:
            return True

    return False

numbers = list(range(33))
result = search(numbers, 12)
print(result)",8,1,1,1,2,1,O(n),O(1),82
"def analyze_numbers(numbers):

    result = []

    for number in numbers:

        if number > 9:

            if number % 2 == 0:
                result.append(number * 2)

            else:
                result.append(number + 1)

    return result

numbers = list(range(34))
result = analyze_numbers(numbers)
print(result)",12,1,1,2,3,1,O(n),O(n),74
"def classify(numbers):

    result = []

    for number in numbers:

        if number > 10:
            if number > 20:
                if number > 30:
                    if number > 40:
                        if number > 50:
                            result.append(
                                ""very-large""
                            )

    return result

numbers = list(range(8))
result = classify(numbers)
print(result)",15,1,1,5,3,1,O(n),O(n),67
"def calculate_sum(numbers):
    return sum(numbers)

numbers = list(range(116))
result = calculate_sum(numbers)
print(result)",5,1,0,0,2,0,O(1),O(1),100
"def search(numbers, target):

    for number in numbers:

        if number == target:
            return True

    return False

numbers = list(range(37))
result = search(numbers, 22)
print(result)",8,1,1,1,2,1,O(n),O(1),82
"def analyze_numbers(numbers):

    result = []

    for number in numbers:

        if number > 13:

            if number % 2 == 0:
                result.append(number * 2)

            else:
                result.append(number + 1)

    return result

numbers = list(range(38))
result = analyze_numbers(numbers)
print(result)",12,1,1,2,3,1,O(n),O(n),73
"def classify(numbers):

    result = []

    for number in numbers:

        if number > 10:
            if number > 20:
                if number > 30:
                    if number > 40:
                        if number > 50:
                            result.append(
                                ""very-large""
                            )

    return result

numbers = list(range(12))
result = classify(numbers)
print(result)",15,1,1,5,3,1,O(n),O(n),67
"def find_max(numbers):
    return max(numbers)

numbers = list(range(120))
result = find_max(numbers)
print(result)",5,1,0,0,2,0,O(1),O(1),100
"def search(numbers, target):

    for number in numbers:

        if number == target:
            return True

    return False

numbers = list(range(41))
result = search(numbers, 7)
print(result)",8,1,1,1,2,1,O(n),O(1),84
"def analyze_numbers(numbers):

    result = []

    for number in numbers:

        if number > 17:

            if number % 2 == 0:
                result.append(number * 2)

            else:
                result.append(number + 1)

    return result

numbers = list(range(42))
result = analyze_numbers(numbers)
print(result)",12,1,1,2,3,1,O(n),O(n),74
"def classify(numbers):

    result = []

    for number in numbers:

        if number > 10:
            if number > 20:
                if number > 30:
                    if number > 40:
                        if number > 50:
                            result.append(
                                ""very-large""
                            )

    return result

numbers = list(range(6))
result = classify(numbers)
print(result)",15,1,1,5,3,1,O(n),O(n),54
"def filter_numbers(numbers):
    return [
        number for number in numbers
        if number > 44
    ]

numbers = list(range(124))
result = filter_numbers(numbers)
print(result)",8,1,0,0,2,0,O(1),O(n),100
"def search(numbers, target):

    for number in numbers:

        if number == target:
            return True

    return False

numbers = list(range(45))
result = search(numbers, 0)
print(result)",8,1,1,1,2,1,O(n),O(1),85
"def analyze_numbers(numbers):

    result = []

    for number in numbers:

        if number > 21:

            if number % 2 == 0:
                result.append(number * 2)

            else:
                result.append(number + 1)

    return result

numbers = list(range(46))
result = analyze_numbers(numbers)
print(result)",12,1,1,2,3,1,O(n),O(n),73
"def classify(numbers):

    result = []

    for number in numbers:

        if number > 10:
            if number > 20:
                if number > 30:
                    if number > 40:
                        if number > 50:
                            result.append(
                                ""very-large""
                            )

    return result

numbers = list(range(10))
result = classify(numbers)
print(result)",15,1,1,5,3,1,O(n),O(n),60
"def calculate_sum(numbers):
    return sum(numbers)

numbers = list(range(128))
result = calculate_sum(numbers)
print(result)",5,1,0,0,2,0,O(1),O(1),100
"def search(numbers, target):

    for number in numbers:

        if number == target:
            return True

    return False

numbers = list(range(49))
result = search(numbers, 1)
print(result)",8,1,1,1,2,1,O(n),O(1),82
"def analyze_numbers(numbers):

    result = []

    for number in numbers:

        if number > 25:

            if number % 2 == 0:
                result.append(number * 2)

            else:
                result.append(number + 1)

    return result

numbers = list(range(50))
result = analyze_numbers(numbers)
print(result)",12,1,1,2,3,1,O(n),O(n),73
"def classify(numbers):

    result = []

    for number in numbers:

        if number > 10:
            if number > 20:
                if number > 30:
                    if number > 40:
                        if number > 50:
                            result.append(
                                ""very-large""
                            )

    return result

numbers = list(range(4))
result = classify(numbers)
print(result)",15,1,1,5,3,1,O(n),O(n),67
"def find_max(numbers):
    return max(numbers)

numbers = list(range(132))
result = find_max(numbers)
print(result)",5,1,0,0,2,0,O(1),O(1),100
"def search(numbers, target):

    for number in numbers:

        if number == target:
            return True

    return False

numbers = list(range(53))
result = search(numbers, 10)
print(result)",8,1,1,1,2,1,O(n),O(1),83
"def analyze_numbers(numbers):

    result = []

    for number in numbers:

        if number > 29:

            if number % 2 == 0:
                result.append(number * 2)

            else:
                result.append(number + 1)

    return result

numbers = list(range(54))
result = analyze_numbers(numbers)
print(result)",12,1,1,2,3,1,O(n),O(n),70
"def classify(numbers):

    result = []

    for number in numbers:

        if number > 10:
            if number > 20:
                if number > 30:
                    if number > 40:
                        if number > 50:
                            result.append(
                                ""very-large""
                            )

    return result

numbers = list(range(8))
result = classify(numbers)
print(result)",15,1,1,5,3,1,O(n),O(n),55
"def filter_numbers(numbers):
    return [
        number for number in numbers
        if number > 56
    ]

numbers = list(range(136))
result = filter_numbers(numbers)
print(result)",8,1,0,0,2,0,O(1),O(n),100
"def search(numbers, target):

    for number in numbers:

        if number == target:
            return True

    return False

numbers = list(range(57))
result = search(numbers, 27)
print(result)",8,1,1,1,2,1,O(n),O(1),86
"def analyze_numbers(numbers):

    result = []

    for number in numbers:

        if number > 33:

            if number % 2 == 0:
                result.append(number * 2)

            else:
                result.append(number + 1)

    return result

numbers = list(range(58))
result = analyze_numbers(numbers)
print(result)",12,1,1,2,3,1,O(n),O(n),73
"def classify(numbers):

    result = []

    for number in numbers:

        if number > 10:
            if number > 20:
                if number > 30:
                    if number > 40:
                        if number > 50:
                            result.append(
                                ""very-large""
                            )

    return result

numbers = list(range(12))
result = classify(numbers)
print(result)",15,1,1,5,3,1,O(n),O(n),63
"def calculate_sum(numbers):
    return sum(numbers)

numbers = list(range(140))
result = calculate_sum(numbers)
print(result)",5,1,0,0,2,0,O(1),O(1),100
"def search(numbers, target):

    for number in numbers:

        if number == target:
            return True

    return False

numbers = list(range(61))
result = search(numbers, 52)
print(result)",8,1,1,1,2,1,O(n),O(1),88
"def analyze_numbers(numbers):

    result = []

    for number in numbers:

        if number > 7:

            if number % 2 == 0:
                result.append(number * 2)

            else:
                result.append(number + 1)

    return result

numbers = list(range(12))
result = analyze_numbers(numbers)
print(result)",12,1,1,2,3,1,O(n),O(n),74
"def classify(numbers):

    result = []

    for number in numbers:

        if number > 10:
            if number > 20:
                if number > 30:
                    if number > 40:
                        if number > 50:
                            result.append(
                                ""very-large""
                            )

    return result

numbers = list(range(6))
result = classify(numbers)
print(result)",15,1,1,5,3,1,O(n),O(n),67
"def find_max(numbers):
    return max(numbers)

numbers = list(range(144))
result = find_max(numbers)
print(result)",5,1,0,0,2,0,O(1),O(1),100
"def search(numbers, target):

    for number in numbers:

        if number == target:
            return True

    return False

numbers = list(range(65))
result = search(numbers, 20)
print(result)",8,1,1,1,2,1,O(n),O(1),82
"def analyze_numbers(numbers):

    result = []

    for number in numbers:

        if number > 11:

            if number % 2 == 0:
                result.append(number * 2)

            else:
                result.append(number + 1)

    return result

numbers = list(range(16))
result = analyze_numbers(numbers)
print(result)",12,1,1,2,3,1,O(n),O(n),78
"def classify(numbers):

    result = []

    for number in numbers:

        if number > 10:
            if number > 20:
                if number > 30:
                    if number > 40:
                        if number > 50:
                            result.append(
                                ""very-large""
                            )

    return result

numbers = list(range(10))
result = classify(numbers)
print(result)",15,1,1,5,3,1,O(n),O(n),53
"def filter_numbers(numbers):
    return [
        number for number in numbers
        if number > 18
    ]

numbers = list(range(148))
result = filter_numbers(numbers)
print(result)",8,1,0,0,2,0,O(1),O(n),100
"def search(numbers, target):

    for number in numbers:

        if number == target:
            return True

    return False

numbers = list(range(69))
result = search(numbers, 57)
print(result)",8,1,1,1,2,1,O(n),O(1),88
"def analyze_numbers(numbers):

    result = []

    for number in numbers:

        if number > 15:

            if number % 2 == 0:
                result.append(number * 2)

            else:
                result.append(number + 1)

    return result

numbers = list(range(20))
result = analyze_numbers(numbers)
print(result)",12,1,1,2,3,1,O(n),O(n),76
"def classify(numbers):

    result = []

    for number in numbers:

        if number > 10:
            if number > 20:
                if number > 30:
                    if number > 40:
                        if number > 50:
                            result.append(
                                ""very-large""
                            )

    return result

numbers = list(range(4))
result = classify(numbers)
print(result)",15,1,1,5,3,1,O(n),O(n),55
"def calculate_sum(numbers):
    return sum(numbers)

numbers = list(range(152))
result = calculate_sum(numbers)
print(result)",5,1,0,0,2,0,O(1),O(1),100
"def search(numbers, target):

    for number in numbers:

        if number == target:
            return True

    return False

numbers = list(range(73))
result = search(numbers, 29)
print(result)",8,1,1,1,2,1,O(n),O(1),85
"def analyze_numbers(numbers):

    result = []

    for number in numbers:

        if number > 19:

            if number % 2 == 0:
                result.append(number * 2)

            else:
                result.append(number + 1)

    return result

numbers = list(range(24))
result = analyze_numbers(numbers)
print(result)",12,1,1,2,3,1,O(n),O(n),73
"def classify(numbers):

    result = []

    for number in numbers:

        if number > 10:
            if number > 20:
                if number > 30:
                    if number > 40:
                        if number > 50:
                            result.append(
                                ""very-large""
                            )

    return result

numbers = list(range(8))
result = classify(numbers)
print(result)",15,1,1,5,3,1,O(n),O(n),57
"def find_max(numbers):
    return max(numbers)

numbers = list(range(156))
result = find_max(numbers)
print(result)",5,1,0,0,2,0,O(1),O(1),100
"def search(numbers, target):

    for number in numbers:

        if number == target:
            return True

    return False

numbers = list(range(77))
result = search(numbers, 1)
print(result)",8,1,1,1,2,1,O(n),O(1),82
"def analyze_numbers(numbers):

    result = []

    for number in numbers:

        if number > 23:

            if number % 2 == 0:
                result.append(number * 2)

            else:
                result.append(number + 1)

    return result

numbers = list(range(28))
result = analyze_numbers(numbers)
print(result)",12,1,1,2,3,1,O(n),O(n),76
"def classify(numbers):

    result = []

    for number in numbers:

        if number > 10:
            if number > 20:
                if number > 30:
                    if number > 40:
                        if number > 50:
                            result.append(
                                ""very-large""
                            )

    return result

numbers = list(range(12))
result = classify(numbers)
print(result)",15,1,1,5,3,1,O(n),O(n),54
"def filter_numbers(numbers):
    return [
        number for number in numbers
        if number > 30
    ]

numbers = list(range(160))
result = filter_numbers(numbers)
print(result)",8,1,0,0,2,0,O(1),O(n),100
"def search(numbers, target):

    for number in numbers:

        if number == target:
            return True

    return False

numbers = list(range(81))
result = search(numbers, 54)
print(result)",8,1,1,1,2,1,O(n),O(1),87
"def analyze_numbers(numbers):

    result = []

    for number in numbers:

        if number > 27:

            if number % 2 == 0:
                result.append(number * 2)

            else:
                result.append(number + 1)

    return result

numbers = list(range(32))
result = analyze_numbers(numbers)
print(result)",12,1,1,2,3,1,O(n),O(n),73
"def classify(numbers):

    result = []

    for number in numbers:

        if number > 10:
            if number > 20:
                if number > 30:
                    if number > 40:
                        if number > 50:
                            result.append(
                                ""very-large""
                            )

    return result

numbers = list(range(6))
result = classify(numbers)
print(result)",15,1,1,5,3,1,O(n),O(n),67
"def calculate_sum(numbers):
    return sum(numbers)

numbers = list(range(164))
result = calculate_sum(numbers)
print(result)",5,1,0,0,2,0,O(1),O(1),100
"def search(numbers, target):

    for number in numbers:

        if number == target:
            return True

    return False

numbers = list(range(85))
result = search(numbers, 30)
print(result)",8,1,1,1,2,1,O(n),O(1),88
"def analyze_numbers(numbers):

    result = []

    for number in numbers:

        if number > 31:

            if number % 2 == 0:
                result.append(number * 2)

            else:
                result.append(number + 1)

    return result

numbers = list(range(36))
result = analyze_numbers(numbers)
print(result)",12,1,1,2,3,1,O(n),O(n),75
"def classify(numbers):

    result = []

    for number in numbers:

        if number > 10:
            if number > 20:
                if number > 30:
                    if number > 40:
                        if number > 50:
                            result.append(
                                ""very-large""
                            )

    return result

numbers = list(range(10))
result = classify(numbers)
print(result)",15,1,1,5,3,1,O(n),O(n),60
"def find_max(numbers):
    return max(numbers)

numbers = list(range(168))
result = find_max(numbers)
print(result)",5,1,0,0,2,0,O(1),O(1),100
"def search(numbers, target):

    for number in numbers:

        if number == target:
            return True

    return False

numbers = list(range(89))
result = search(numbers, 6)
print(result)",8,1,1,1,2,1,O(n),O(1),87
"def analyze_numbers(numbers):

    result = []

    for number in numbers:

        if number > 5:

            if number % 2 == 0:
                result.append(number * 2)

            else:
                result.append(number + 1)

    return result

numbers = list(range(40))
result = analyze_numbers(numbers)
print(result)",12,1,1,2,3,1,O(n),O(n),70
"def classify(numbers):

    result = []

    for number in numbers:

        if number > 10:
            if number > 20:
                if number > 30:
                    if number > 40:
                        if number > 50:
                            result.append(
                                ""very-large""
                            )

    return result

numbers = list(range(4))
result = classify(numbers)
print(result)",15,1,1,5,3,1,O(n),O(n),66
"def filter_numbers(numbers):
    return [
        number for number in numbers
        if number > 42
    ]

numbers = list(range(172))
result = filter_numbers(numbers)
print(result)",8,1,0,0,2,0,O(1),O(n),100
"def search(numbers, target):

    for number in numbers:

        if number == target:
            return True

    return False

numbers = list(range(93))
result = search(numbers, 75)
print(result)",8,1,1,1,2,1,O(n),O(1),85
"def analyze_numbers(numbers):

    result = []

    for number in numbers:

        if number > 9:

            if number % 2 == 0:
                result.append(number * 2)

            else:
                result.append(number + 1)

    return result

numbers = list(range(44))
result = analyze_numbers(numbers)
print(result)",12,1,1,2,3,1,O(n),O(n),77
"def classify(numbers):

    result = []

    for number in numbers:

        if number > 10:
            if number > 20:
                if number > 30:
                    if number > 40:
                        if number > 50:
                            result.append(
                                ""very-large""
                            )

    return result

numbers = list(range(8))
result = classify(numbers)
print(result)",15,1,1,5,3,1,O(n),O(n),67
"def calculate_sum(numbers):
    return sum(numbers)

numbers = list(range(176))
result = calculate_sum(numbers)
print(result)",5,1,0,0,2,0,O(1),O(1),100
"def search(numbers, target):

    for number in numbers:

        if number == target:
            return True

    return False

numbers = list(range(97))
result = search(numbers, 55)
print(result)",8,1,1,1,2,1,O(n),O(1),86
"def analyze_numbers(numbers):

    result = []

    for number in numbers:

        if number > 13:

            if number % 2 == 0:
                result.append(number * 2)

            else:
                result.append(number + 1)

    return result

numbers = list(range(48))
result = analyze_numbers(numbers)
print(result)",12,1,1,2,3,1,O(n),O(n),77
"def classify(numbers):

    result = []

    for number in numbers:

        if number > 10:
            if number > 20:
                if number > 30:
                    if number > 40:
                        if number > 50:
                            result.append(
                                ""very-large""
                            )

    return result

numbers = list(range(12))
result = classify(numbers)
print(result)",15,1,1,5,3,1,O(n),O(n),63
"def find_max(numbers):
    return max(numbers)

numbers = list(range(180))
result = find_max(numbers)
print(result)",5,1,0,0,2,0,O(1),O(1),100
"def search(numbers, target):

    for number in numbers:

        if number == target:
            return True

    return False

numbers = list(range(101))
result = search(numbers, 35)
print(result)",8,1,1,1,2,1,O(n),O(1),87
"def analyze_numbers(numbers):

    result = []

    for number in numbers:

        if number > 17:

            if number % 2 == 0:
                result.append(number * 2)

            else:
                result.append(number + 1)

    return result

numbers = list(range(52))
result = analyze_numbers(numbers)
print(result)",12,1,1,2,3,1,O(n),O(n),71
"def classify(numbers):

    result = []

    for number in numbers:

        if number > 10:
            if number > 20:
                if number > 30:
                    if number > 40:
                        if number > 50:
                            result.append(
                                ""very-large""
                            )

    return result

numbers = list(range(6))
result = classify(numbers)
print(result)",15,1,1,5,3,1,O(n),O(n),61
"def filter_numbers(numbers):
    return [
        number for number in numbers
        if number > 54
    ]

numbers = list(range(184))
result = filter_numbers(numbers)
print(result)",8,1,0,0,2,0,O(1),O(n),100
"def search(numbers, target):

    for number in numbers:

        if number == target:
            return True

    return False

numbers = list(range(105))
result = search(numbers, 15)
print(result)",8,1,1,1,2,1,O(n),O(1),84
"def analyze_numbers(numbers):

    result = []

    for number in numbers:

        if number > 21:

            if number % 2 == 0:
                result.append(number * 2)

            else:
                result.append(number + 1)

    return result

numbers = list(range(56))
result = analyze_numbers(numbers)
print(result)",12,1,1,2,3,1,O(n),O(n),75
"def classify(numbers):

    result = []

    for number in numbers:

        if number > 10:
            if number > 20:
                if number > 30:
                    if number > 40:
                        if number > 50:
                            result.append(
                                ""very-large""
                            )

    return result

numbers = list(range(10))
result = classify(numbers)
print(result)",15,1,1,5,3,1,O(n),O(n),62
"def calculate_sum(numbers):
    return sum(numbers)

numbers = list(range(188))
result = calculate_sum(numbers)
print(result)",5,1,0,0,2,0,O(1),O(1),100
"def search(numbers, target):

    for number in numbers:

        if number == target:
            return True

    return False

numbers = list(range(109))
result = search(numbers, 104)
print(result)",8,1,1,1,2,1,O(n),O(1),87
"def analyze_numbers(numbers):

    result = []

    for number in numbers:

        if number > 25:

            if number % 2 == 0:
                result.append(number * 2)

            else:
                result.append(number + 1)

    return result

numbers = list(range(10))
result = analyze_numbers(numbers)
print(result)",12,1,1,2,3,1,O(n),O(n),78
"def classify(numbers):

    result = []

    for number in numbers:

        if number > 10:
            if number > 20:
                if number > 30:
                    if number > 40:
                        if number > 50:
                            result.append(
                                ""very-large""
                            )

    return result

numbers = list(range(4))
result = classify(numbers)
print(result)",15,1,1,5,3,1,O(n),O(n),58
"def find_max(numbers):
    return max(numbers)

numbers = list(range(192))
result = find_max(numbers)
print(result)",5,1,0,0,2,0,O(1),O(1),100
"def search(numbers, target):

    for number in numbers:

        if number == target:
            return True

    return False

numbers = list(range(113))
result = search(numbers, 88)
print(result)",8,1,1,1,2,1,O(n),O(1),88
"def analyze_numbers(numbers):

    result = []

    for number in numbers:

        if number > 29:

            if number % 2 == 0:
                result.append(number * 2)

            else:
                result.append(number + 1)

    return result

numbers = list(range(14))
result = analyze_numbers(numbers)
print(result)",12,1,1,2,3,1,O(n),O(n),76
"def classify(numbers):

    result = []

    for number in numbers:

        if number > 10:
            if number > 20:
                if number > 30:
                    if number > 40:
                        if number > 50:
                            result.append(
                                ""very-large""
                            )

    return result

numbers = list(range(8))
result = classify(numbers)
print(result)",15,1,1,5,3,1,O(n),O(n),55
"def filter_numbers(numbers):
    return [
        number for number in numbers
        if number > 16
    ]

numbers = list(range(196))
result = filter_numbers(numbers)
print(result)",8,1,0,0,2,0,O(1),O(n),100
"def search(numbers, target):

    for number in numbers:

        if number == target:
            return True

    return False

numbers = list(range(117))
result = search(numbers, 72)
print(result)",8,1,1,1,2,1,O(n),O(1),85
"def analyze_numbers(numbers):

    result = []

    for number in numbers:

        if number > 33:

            if number % 2 == 0:
                result.append(number * 2)

            else:
                result.append(number + 1)

    return result

numbers = list(range(18))
result = analyze_numbers(numbers)
print(result)",12,1,1,2,3,1,O(n),O(n),79
"def classify(numbers):

    result = []

    for number in numbers:

        if number > 10:
            if number > 20:
                if number > 30:
                    if number > 40:
                        if number > 50:
                            result.append(
                                ""very-large""
                            )

    return result

numbers = list(range(12))
result = classify(numbers)
print(result)",15,1,1,5,3,1,O(n),O(n),60
"def calculate_sum(numbers):
    return sum(numbers)

numbers = list(range(200))
result = calculate_sum(numbers)
print(result)",5,1,0,0,2,0,O(1),O(1),100
"def search(numbers, target):

    for number in numbers:

        if number == target:
            return True

    return False

numbers = list(range(121))
result = search(numbers, 56)
print(result)",8,1,1,1,2,1,O(n),O(1),84
"def analyze_numbers(numbers):

    result = []

    for number in numbers:

        if number > 7:

            if number % 2 == 0:
                result.append(number * 2)

            else:
                result.append(number + 1)

    return result

numbers = list(range(22))
result = analyze_numbers(numbers)
print(result)",12,1,1,2,3,1,O(n),O(n),70
"def classify(numbers):

    result = []

    for number in numbers:

        if number > 10:
            if number > 20:
                if number > 30:
                    if number > 40:
                        if number > 50:
                            result.append(
                                ""very-large""
                            )

    return result

numbers = list(range(6))
result = classify(numbers)
print(result)",15,1,1,5,3,1,O(n),O(n),64
"def find_max(numbers):
    return max(numbers)

numbers = list(range(204))
result = find_max(numbers)
print(result)",5,1,0,0,2,0,O(1),O(1),100
"def search(numbers, target):

    for number in numbers:

        if number == target:
            return True

    return False

numbers = list(range(125))
result = search(numbers, 40)
print(result)",8,1,1,1,2,1,O(n),O(1),88
"def analyze_numbers(numbers):

    result = []

    for number in numbers:

        if number > 11:

            if number % 2 == 0:
                result.append(number * 2)

            else:
                result.append(number + 1)

    return result

numbers = list(range(26))
result = analyze_numbers(numbers)
print(result)",12,1,1,2,3,1,O(n),O(n),75
"def classify(numbers):

    result = []

    for number in numbers:

        if number > 10:
            if number > 20:
                if number > 30:
                    if number > 40:
                        if number > 50:
                            result.append(
                                ""very-large""
                            )

    return result

numbers = list(range(10))
result = classify(numbers)
print(result)",15,1,1,5,3,1,O(n),O(n),54
"def filter_numbers(numbers):
    return [
        number for number in numbers
        if number > 28
    ]

numbers = list(range(208))
result = filter_numbers(numbers)
print(result)",8,1,0,0,2,0,O(1),O(n),100
"def search(numbers, target):

    for number in numbers:

        if number == target:
            return True

    return False

numbers = list(range(129))
result = search(numbers, 24)
print(result)",8,1,1,1,2,1,O(n),O(1),83
"def analyze_numbers(numbers):

    result = []

    for number in numbers:

        if number > 15:

            if number % 2 == 0:
                result.append(number * 2)

            else:
                result.append(number + 1)

    return result

numbers = list(range(30))
result = analyze_numbers(numbers)
print(result)",12,1,1,2,3,1,O(n),O(n),79
"def classify(numbers):

    result = []

    for number in numbers:

        if number > 10:
            if number > 20:
                if number > 30:
                    if number > 40:
                        if number > 50:
                            result.append(
                                ""very-large""
                            )

    return result

numbers = list(range(4))
result = classify(numbers)
print(result)",15,1,1,5,3,1,O(n),O(n),51
"def calculate_sum(numbers):
    return sum(numbers)

numbers = list(range(212))
result = calculate_sum(numbers)
print(result)",5,1,0,0,2,0,O(1),O(1),100
"def search(numbers, target):

    for number in numbers:

        if number == target:
            return True

    return False

numbers = list(range(133))
result = search(numbers, 8)
print(result)",8,1,1,1,2,1,O(n),O(1),83
"def analyze_numbers(numbers):

    result = []

    for number in numbers:

        if number > 19:

            if number % 2 == 0:
                result.append(number * 2)

            else:
                result.append(number + 1)

    return result

numbers = list(range(34))
result = analyze_numbers(numbers)
print(result)",12,1,1,2,3,1,O(n),O(n),80
"def classify(numbers):

    result = []

    for number in numbers:

        if number > 10:
            if number > 20:
                if number > 30:
                    if number > 40:
                        if number > 50:
                            result.append(
                                ""very-large""
                            )

    return result

numbers = list(range(8))
result = classify(numbers)
print(result)",15,1,1,5,3,1,O(n),O(n),54
"def find_max(numbers):
    return max(numbers)

numbers = list(range(216))
result = find_max(numbers)
print(result)",5,1,0,0,2,0,O(1),O(1),100
"def search(numbers, target):

    for number in numbers:

        if number == target:
            return True

    return False

numbers = list(range(137))
result = search(numbers, 129)
print(result)",8,1,1,1,2,1,O(n),O(1),87
"def analyze_numbers(numbers):

    result = []

    for number in numbers:

        if number > 23:

            if number % 2 == 0:
                result.append(number * 2)

            else:
                result.append(number + 1)

    return result

numbers = list(range(38))
result = analyze_numbers(numbers)
print(result)",12,1,1,2,3,1,O(n),O(n),74
"def classify(numbers):

    result = []

    for number in numbers:

        if number > 10:
            if number > 20:
                if number > 30:
                    if number > 40:
                        if number > 50:
                            result.append(
                                ""very-large""
                            )

    return result

numbers = list(range(12))
result = classify(numbers)
print(result)",15,1,1,5,3,1,O(n),O(n),56
"def filter_numbers(numbers):
    return [
        number for number in numbers
        if number > 40
    ]

numbers = list(range(220))
result = filter_numbers(numbers)
print(result)",8,1,0,0,2,0,O(1),O(n),100
"def search(numbers, target):

    for number in numbers:

        if number == target:
            return True

    return False

numbers = list(range(141))
result = search(numbers, 117)
print(result)",8,1,1,1,2,1,O(n),O(1),81
"def analyze_numbers(numbers):

    result = []

    for number in numbers:

        if number > 27:

            if number % 2 == 0:
                result.append(number * 2)

            else:
                result.append(number + 1)

    return result

numbers = list(range(42))
result = analyze_numbers(numbers)
print(result)",12,1,1,2,3,1,O(n),O(n),78
"def classify(numbers):

    result = []

    for number in numbers:

        if number > 10:
            if number > 20:
                if number > 30:
                    if number > 40:
                        if number > 50:
                            result.append(
                                ""very-large""
                            )

    return result

numbers = list(range(6))
result = classify(numbers)
print(result)",15,1,1,5,3,1,O(n),O(n),54
"def calculate_sum(numbers):
    return sum(numbers)

numbers = list(range(224))
result = calculate_sum(numbers)
print(result)",5,1,0,0,2,0,O(1),O(1),100
"def search(numbers, target):

    for number in numbers:

        if number == target:
            return True

    return False

numbers = list(range(145))
result = search(numbers, 105)
print(result)",8,1,1,1,2,1,O(n),O(1),84
"def analyze_numbers(numbers):

    result = []

    for number in numbers:

        if number > 31:

            if number % 2 == 0:
                result.append(number * 2)

            else:
                result.append(number + 1)

    return result

numbers = list(range(46))
result = analyze_numbers(numbers)
print(result)",12,1,1,2,3,1,O(n),O(n),71
"def classify(numbers):

    result = []

    for number in numbers:

        if number > 10:
            if number > 20:
                if number > 30:
                    if number > 40:
                        if number > 50:
                            result.append(
                                ""very-large""
                            )

    return result

numbers = list(range(10))
result = classify(numbers)
print(result)",15,1,1,5,3,1,O(n),O(n),52
"def find_max(numbers):
    return max(numbers)

numbers = list(range(228))
result = find_max(numbers)
print(result)",5,1,0,0,2,0,O(1),O(1),100
"def search(numbers, target):

    for number in numbers:

        if number == target:
            return True

    return False

numbers = list(range(149))
result = search(numbers, 93)
print(result)",8,1,1,1,2,1,O(n),O(1),82
"def analyze_numbers(numbers):

    result = []

    for number in numbers:

        if number > 5:

            if number % 2 == 0:
                result.append(number * 2)

            else:
                result.append(number + 1)

    return result

numbers = list(range(50))
result = analyze_numbers(numbers)
print(result)",12,1,1,2,3,1,O(n),O(n),71
"def classify(numbers):

    result = []

    for number in numbers:

        if number > 10:
            if number > 20:
                if number > 30:
                    if number > 40:
                        if number > 50:
                            result.append(
                                ""very-large""
                            )

    return result

numbers = list(range(4))
result = classify(numbers)
print(result)",15,1,1,5,3,1,O(n),O(n),59
"def filter_numbers(numbers):
    return [
        number for number in numbers
        if number > 52
    ]

numbers = list(range(232))
result = filter_numbers(numbers)
print(result)",8,1,0,0,2,0,O(1),O(n),100
"def search(numbers, target):

    for number in numbers:

        if number == target:
            return True

    return False

numbers = list(range(153))
result = search(numbers, 81)
print(result)",8,1,1,1,2,1,O(n),O(1),85
"def analyze_numbers(numbers):

    result = []

    for number in numbers:

        if number > 9:

            if number % 2 == 0:
                result.append(number * 2)

            else:
                result.append(number + 1)

    return result

numbers = list(range(54))
result = analyze_numbers(numbers)
print(result)",12,1,1,2,3,1,O(n),O(n),79
"def classify(numbers):

    result = []

    for number in numbers:

        if number > 10:
            if number > 20:
                if number > 30:
                    if number > 40:
                        if number > 50:
                            result.append(
                                ""very-large""
                            )

    return result

numbers = list(range(8))
result = classify(numbers)
print(result)",15,1,1,5,3,1,O(n),O(n),59
"def calculate_sum(numbers):
    return sum(numbers)

numbers = list(range(236))
result = calculate_sum(numbers)
print(result)",5,1,0,0,2,0,O(1),O(1),100
"def search(numbers, target):

    for number in numbers:

        if number == target:
            return True

    return False

numbers = list(range(157))
result = search(numbers, 69)
print(result)",8,1,1,1,2,1,O(n),O(1),85
"def analyze_numbers(numbers):

    result = []

    for number in numbers:

        if number > 13:

            if number % 2 == 0:
                result.append(number * 2)

            else:
                result.append(number + 1)

    return result

numbers = list(range(58))
result = analyze_numbers(numbers)
print(result)",12,1,1,2,3,1,O(n),O(n),73
"def classify(numbers):

    result = []

    for number in numbers:

        if number > 10:
            if number > 20:
                if number > 30:
                    if number > 40:
                        if number > 50:
                            result.append(
                                ""very-large""
                            )

    return result

numbers = list(range(12))
result = classify(numbers)
print(result)",15,1,1,5,3,1,O(n),O(n),55
"def find_max(numbers):
    return max(numbers)

numbers = list(range(240))
result = find_max(numbers)
print(result)",5,1,0,0,2,0,O(1),O(1),100
"def search(numbers, target):

    for number in numbers:

        if number == target:
            return True

    return False

numbers = list(range(161))
result = search(numbers, 57)
print(result)",8,1,1,1,2,1,O(n),O(1),88
"def analyze_numbers(numbers):

    result = []

    for number in numbers:

        if number > 17:

            if number % 2 == 0:
                result.append(number * 2)

            else:
                result.append(number + 1)

    return result

numbers = list(range(12))
result = analyze_numbers(numbers)
print(result)",12,1,1,2,3,1,O(n),O(n),73
"def classify(numbers):

    result = []

    for number in numbers:

        if number > 10:
            if number > 20:
                if number > 30:
                    if number > 40:
                        if number > 50:
                            result.append(
                                ""very-large""
                            )

    return result

numbers = list(range(6))
result = classify(numbers)
print(result)",15,1,1,5,3,1,O(n),O(n),57
"def filter_numbers(numbers):
    return [
        number for number in numbers
        if number > 14
    ]

numbers = list(range(244))
result = filter_numbers(numbers)
print(result)",8,1,0,0,2,0,O(1),O(n),100
"def search(numbers, target):

    for number in numbers:

        if number == target:
            return True

    return False

numbers = list(range(165))
result = search(numbers, 45)
print(result)",8,1,1,1,2,1,O(n),O(1),81
"def analyze_numbers(numbers):

    result = []

    for number in numbers:

        if number > 21:

            if number % 2 == 0:
                result.append(number * 2)

            else:
                result.append(number + 1)

    return result

numbers = list(range(16))
result = analyze_numbers(numbers)
print(result)",12,1,1,2,3,1,O(n),O(n),77
"def classify(numbers):

    result = []

    for number in numbers:

        if number > 10:
            if number > 20:
                if number > 30:
                    if number > 40:
                        if number > 50:
                            result.append(
                                ""very-large""
                            )

    return result

numbers = list(range(10))
result = classify(numbers)
print(result)",15,1,1,5,3,1,O(n),O(n),56
"def calculate_sum(numbers):
    return sum(numbers)

numbers = list(range(248))
result = calculate_sum(numbers)
print(result)",5,1,0,0,2,0,O(1),O(1),100
"def search(numbers, target):

    for number in numbers:

        if number == target:
            return True

    return False

numbers = list(range(169))
result = search(numbers, 33)
print(result)",8,1,1,1,2,1,O(n),O(1),83
"def analyze_numbers(numbers):

    result = []

    for number in numbers:

        if number > 25:

            if number % 2 == 0:
                result.append(number * 2)

            else:
                result.append(number + 1)

    return result

numbers = list(range(20))
result = analyze_numbers(numbers)
print(result)",12,1,1,2,3,1,O(n),O(n),76
"def classify(numbers):

    result = []

    for number in numbers:

        if number > 10:
            if number > 20:
                if number > 30:
                    if number > 40:
                        if number > 50:
                            result.append(
                                ""very-large""
                            )

    return result

numbers = list(range(4))
result = classify(numbers)
print(result)",15,1,1,5,3,1,O(n),O(n),59
"def find_max(numbers):
    return max(numbers)

numbers = list(range(252))
result = find_max(numbers)
print(result)",5,1,0,0,2,0,O(1),O(1),100
"def search(numbers, target):

    for number in numbers:

        if number == target:
            return True

    return False

numbers = list(range(173))
result = search(numbers, 21)
print(result)",8,1,1,1,2,1,O(n),O(1),88
"def analyze_numbers(numbers):

    result = []

    for number in numbers:

        if number > 29:

            if number % 2 == 0:
                result.append(number * 2)

            else:
                result.append(number + 1)

    return result

numbers = list(range(24))
result = analyze_numbers(numbers)
print(result)",12,1,1,2,3,1,O(n),O(n),72
"def classify(numbers):

    result = []

    for number in numbers:

        if number > 10:
            if number > 20:
                if number > 30:
                    if number > 40:
                        if number > 50:
                            result.append(
                                ""very-large""
                            )

    return result

numbers = list(range(8))
result = classify(numbers)
print(result)",15,1,1,5,3,1,O(n),O(n),61
"def filter_numbers(numbers):
    return [
        number for number in numbers
        if number > 26
    ]

numbers = list(range(256))
result = filter_numbers(numbers)
print(result)",8,1,0,0,2,0,O(1),O(n),100
"def search(numbers, target):

    for number in numbers:

        if number == target:
            return True

    return False

numbers = list(range(177))
result = search(numbers, 9)
print(result)",8,1,1,1,2,1,O(n),O(1),85
"def analyze_numbers(numbers):

    result = []

    for number in numbers:

        if number > 33:

            if number % 2 == 0:
                result.append(number * 2)

            else:
                result.append(number + 1)

    return result

numbers = list(range(28))
result = analyze_numbers(numbers)
print(result)",12,1,1,2,3,1,O(n),O(n),74
"def classify(numbers):

    result = []

    for number in numbers:

        if number > 10:
            if number > 20:
                if number > 30:
                    if number > 40:
                        if number > 50:
                            result.append(
                                ""very-large""
                            )

    return result

numbers = list(range(12))
result = classify(numbers)
print(result)",15,1,1,5,3,1,O(n),O(n),52
"def calculate_sum(numbers):
    return sum(numbers)

numbers = list(range(260))
result = calculate_sum(numbers)
print(result)",5,1,0,0,2,0,O(1),O(1),100
"def search(numbers, target):

    for number in numbers:

        if number == target:
            return True

    return False

numbers = list(range(181))
result = search(numbers, 178)
print(result)",8,1,1,1,2,1,O(n),O(1),85
"def analyze_numbers(numbers):

    result = []

    for number in numbers:

        if number > 7:

            if number % 2 == 0:
                result.append(number * 2)

            else:
                result.append(number + 1)

    return result

numbers = list(range(32))
result = analyze_numbers(numbers)
print(result)",12,1,1,2,3,1,O(n),O(n),73
"def classify(numbers):

    result = []

    for number in numbers:

        if number > 10:
            if number > 20:
                if number > 30:
                    if number > 40:
                        if number > 50:
                            result.append(
                                ""very-large""
                            )

    return result

numbers = list(range(6))
result = classify(numbers)
print(result)",15,1,1,5,3,1,O(n),O(n),52
"def find_max(numbers):
    return max(numbers)

numbers = list(range(264))
result = find_max(numbers)
print(result)",5,1,0,0,2,0,O(1),O(1),100
"def search(numbers, target):

    for number in numbers:

        if number == target:
            return True

    return False

numbers = list(range(185))
result = search(numbers, 170)
print(result)",8,1,1,1,2,1,O(n),O(1),88
"def analyze_numbers(numbers):

    result = []

    for number in numbers:

        if number > 11:

            if number % 2 == 0:
                result.append(number * 2)

            else:
                result.append(number + 1)

    return result

numbers = list(range(36))
result = analyze_numbers(numbers)
print(result)",12,1,1,2,3,1,O(n),O(n),79
"def classify(numbers):

    result = []

    for number in numbers:

        if number > 10:
            if number > 20:
                if number > 30:
                    if number > 40:
                        if number > 50:
                            result.append(
                                ""very-large""
                            )

    return result

numbers = list(range(10))
result = classify(numbers)
print(result)",15,1,1,5,3,1,O(n),O(n),58
"def filter_numbers(numbers):
    return [
        number for number in numbers
        if number > 38
    ]

numbers = list(range(268))
result = filter_numbers(numbers)
print(result)",8,1,0,0,2,0,O(1),O(n),100
"def search(numbers, target):

    for number in numbers:

        if number == target:
            return True

    return False

numbers = list(range(189))
result = search(numbers, 162)
print(result)",8,1,1,1,2,1,O(n),O(1),82
"def analyze_numbers(numbers):

    result = []

    for number in numbers:

        if number > 15:

            if number % 2 == 0:
                result.append(number * 2)

            else:
                result.append(number + 1)

    return result

numbers = list(range(40))
result = analyze_numbers(numbers)
print(result)",12,1,1,2,3,1,O(n),O(n),77
"def classify(numbers):

    result = []

    for number in numbers:

        if number > 10:
            if number > 20:
                if number > 30:
                    if number > 40:
                        if number > 50:
                            result.append(
                                ""very-large""
                            )

    return result

numbers = list(range(4))
result = classify(numbers)
print(result)",15,1,1,5,3,1,O(n),O(n),58
"def calculate_sum(numbers):
    return sum(numbers)

numbers = list(range(272))
result = calculate_sum(numbers)
print(result)",5,1,0,0,2,0,O(1),O(1),100
"def search(numbers, target):

    for number in numbers:

        if number == target:
            return True

    return False

numbers = list(range(193))
result = search(numbers, 154)
print(result)",8,1,1,1,2,1,O(n),O(1),83
"def analyze_numbers(numbers):

    result = []

    for number in numbers:

        if number > 19:

            if number % 2 == 0:
                result.append(number * 2)

            else:
                result.append(number + 1)

    return result

numbers = list(range(44))
result = analyze_numbers(numbers)
print(result)",12,1,1,2,3,1,O(n),O(n),73
"def classify(numbers):

    result = []

    for number in numbers:

        if number > 10:
            if number > 20:
                if number > 30:
                    if number > 40:
                        if number > 50:
                            result.append(
                                ""very-large""
                            )

    return result

numbers = list(range(8))
result = classify(numbers)
print(result)",15,1,1,5,3,1,O(n),O(n),51
"def find_max(numbers):
    return max(numbers)

numbers = list(range(276))
result = find_max(numbers)
print(result)",5,1,0,0,2,0,O(1),O(1),100
"def search(numbers, target):

    for number in numbers:

        if number == target:
            return True

    return False

numbers = list(range(197))
result = search(numbers, 146)
print(result)",8,1,1,1,2,1,O(n),O(1),82
"def analyze_numbers(numbers):

    result = []

    for number in numbers:

        if number > 23:

            if number % 2 == 0:
                result.append(number * 2)

            else:
                result.append(number + 1)

    return result

numbers = list(range(48))
result = analyze_numbers(numbers)
print(result)",12,1,1,2,3,1,O(n),O(n),72
"def classify(numbers):

    result = []

    for number in numbers:

        if number > 10:
            if number > 20:
                if number > 30:
                    if number > 40:
                        if number > 50:
                            result.append(
                                ""very-large""
                            )

    return result

numbers = list(range(12))
result = classify(numbers)
print(result)",15,1,1,5,3,1,O(n),O(n),57
"def filter_numbers(numbers):
    return [
        number for number in numbers
        if number > 50
    ]

numbers = list(range(280))
result = filter_numbers(numbers)
print(result)",8,1,0,0,2,0,O(1),O(n),100
"def search(numbers, target):

    for number in numbers:

        if number == target:
            return True

    return False

numbers = list(range(201))
result = search(numbers, 138)
print(result)",8,1,1,1,2,1,O(n),O(1),81
"def analyze_numbers(numbers):

    result = []

    for number in numbers:

        if number > 27:

            if number % 2 == 0:
                result.append(number * 2)

            else:
                result.append(number + 1)

    return result

numbers = list(range(52))
result = analyze_numbers(numbers)
print(result)",12,1,1,2,3,1,O(n),O(n),76
"def classify(numbers):

    result = []

    for number in numbers:

        if number > 10:
            if number > 20:
                if number > 30:
                    if number > 40:
                        if number > 50:
                            result.append(
                                ""very-large""
                            )

    return result

numbers = list(range(6))
result = classify(numbers)
print(result)",15,1,1,5,3,1,O(n),O(n),58
"def calculate_sum(numbers):
    return sum(numbers)

numbers = list(range(284))
result = calculate_sum(numbers)
print(result)",5,1,0,0,2,0,O(1),O(1),100
"def search(numbers, target):

    for number in numbers:

        if number == target:
            return True

    return False

numbers = list(range(205))
result = search(numbers, 130)
print(result)",8,1,1,1,2,1,O(n),O(1),85
"def analyze_numbers(numbers):

    result = []

    for number in numbers:

        if number > 31:

            if number % 2 == 0:
                result.append(number * 2)

            else:
                result.append(number + 1)

    return result

numbers = list(range(56))
result = analyze_numbers(numbers)
print(result)",12,1,1,2,3,1,O(n),O(n),79
"def classify(numbers):

    result = []

    for number in numbers:

        if number > 10:
            if number > 20:
                if number > 30:
                    if number > 40:
                        if number > 50:
                            result.append(
                                ""very-large""
                            )

    return result

numbers = list(range(10))
result = classify(numbers)
print(result)",15,1,1,5,3,1,O(n),O(n),61
"def find_max(numbers):
    return max(numbers)

numbers = list(range(288))
result = find_max(numbers)
print(result)",5,1,0,0,2,0,O(1),O(1),100
"def search(numbers, target):

    for number in numbers:

        if number == target:
            return True

    return False

numbers = list(range(209))
result = search(numbers, 122)
print(result)",8,1,1,1,2,1,O(n),O(1),87
"def analyze_numbers(numbers):

    result = []

    for number in numbers:

        if number > 5:

            if number % 2 == 0:
                result.append(number * 2)

            else:
                result.append(number + 1)

    return result

numbers = list(range(10))
result = analyze_numbers(numbers)
print(result)",12,1,1,2,3,1,O(n),O(n),72
"def classify(numbers):

    result = []

    for number in numbers:

        if number > 10:
            if number > 20:
                if number > 30:
                    if number > 40:
                        if number > 50:
                            result.append(
                                ""very-large""
                            )

    return result

numbers = list(range(4))
result = classify(numbers)
print(result)",15,1,1,5,3,1,O(n),O(n),62
"def filter_numbers(numbers):
    return [
        number for number in numbers
        if number > 12
    ]

numbers = list(range(292))
result = filter_numbers(numbers)
print(result)",8,1,0,0,2,0,O(1),O(n),100
"def search(numbers, target):

    for number in numbers:

        if number == target:
            return True

    return False

numbers = list(range(213))
result = search(numbers, 114)
print(result)",8,1,1,1,2,1,O(n),O(1),85
"def analyze_numbers(numbers):

    result = []

    for number in numbers:

        if number > 9:

            if number % 2 == 0:
                result.append(number * 2)

            else:
                result.append(number + 1)

    return result

numbers = list(range(14))
result = analyze_numbers(numbers)
print(result)",12,1,1,2,3,1,O(n),O(n),73
"def classify(numbers):

    result = []

    for number in numbers:

        if number > 10:
            if number > 20:
                if number > 30:
                    if number > 40:
                        if number > 50:
                            result.append(
                                ""very-large""
                            )

    return result

numbers = list(range(8))
result = classify(numbers)
print(result)",15,1,1,5,3,1,O(n),O(n),59
"def calculate_sum(numbers):
    return sum(numbers)

numbers = list(range(296))
result = calculate_sum(numbers)
print(result)",5,1,0,0,2,0,O(1),O(1),100
"def search(numbers, target):

    for number in numbers:

        if number == target:
            return True

    return False

numbers = list(range(217))
result = search(numbers, 106)
print(result)",8,1,1,1,2,1,O(n),O(1),84
"def analyze_numbers(numbers):

    result = []

    for number in numbers:

        if number > 13:

            if number % 2 == 0:
                result.append(number * 2)

            else:
                result.append(number + 1)

    return result

numbers = list(range(18))
result = analyze_numbers(numbers)
print(result)",12,1,1,2,3,1,O(n),O(n),79
"def classify(numbers):

    result = []

    for number in numbers:

        if number > 10:
            if number > 20:
                if number > 30:
                    if number > 40:
                        if number > 50:
                            result.append(
                                ""very-large""
                            )

    return result

numbers = list(range(12))
result = classify(numbers)
print(result)",15,1,1,5,3,1,O(n),O(n),61
"def find_max(numbers):
    return max(numbers)

numbers = list(range(300))
result = find_max(numbers)
print(result)",5,1,0,0,2,0,O(1),O(1),100
"def search(numbers, target):

    for number in numbers:

        if number == target:
            return True

    return False

numbers = list(range(221))
result = search(numbers, 98)
print(result)",8,1,1,1,2,1,O(n),O(1),85
"def analyze_numbers(numbers):

    result = []

    for number in numbers:

        if number > 17:

            if number % 2 == 0:
                result.append(number * 2)

            else:
                result.append(number + 1)

    return result

numbers = list(range(22))
result = analyze_numbers(numbers)
print(result)",12,1,1,2,3,1,O(n),O(n),75
"def classify(numbers):

    result = []

    for number in numbers:

        if number > 10:
            if number > 20:
                if number > 30:
                    if number > 40:
                        if number > 50:
                            result.append(
                                ""very-large""
                            )

    return result

numbers = list(range(6))
result = classify(numbers)
print(result)",15,1,1,5,3,1,O(n),O(n),62
"def filter_numbers(numbers):
    return [
        number for number in numbers
        if number > 24
    ]

numbers = list(range(304))
result = filter_numbers(numbers)
print(result)",8,1,0,0,2,0,O(1),O(n),100
"def search(numbers, target):

    for number in numbers:

        if number == target:
            return True

    return False

numbers = list(range(225))
result = search(numbers, 90)
print(result)",8,1,1,1,2,1,O(n),O(1),88
"def analyze_numbers(numbers):

    result = []

    for number in numbers:

        if number > 21:

            if number % 2 == 0:
                result.append(number * 2)

            else:
                result.append(number + 1)

    return result

numbers = list(range(26))
result = analyze_numbers(numbers)
print(result)",12,1,1,2,3,1,O(n),O(n),72
"def classify(numbers):

    result = []

    for number in numbers:

        if number > 10:
            if number > 20:
                if number > 30:
                    if number > 40:
                        if number > 50:
                            result.append(
                                ""very-large""
                            )

    return result

numbers = list(range(10))
result = classify(numbers)
print(result)",15,1,1,5,3,1,O(n),O(n),63
"def calculate_sum(numbers):
    return sum(numbers)

numbers = list(range(308))
result = calculate_sum(numbers)
print(result)",5,1,0,0,2,0,O(1),O(1),100
"def search(numbers, target):

    for number in numbers:

        if number == target:
            return True

    return False

numbers = list(range(229))
result = search(numbers, 82)
print(result)",8,1,1,1,2,1,O(n),O(1),88
"def analyze_numbers(numbers):

    result = []

    for number in numbers:

        if number > 25:

            if number % 2 == 0:
                result.append(number * 2)

            else:
                result.append(number + 1)

    return result

numbers = list(range(30))
result = analyze_numbers(numbers)
print(result)",12,1,1,2,3,1,O(n),O(n),80
"def classify(numbers):

    result = []

    for number in numbers:

        if number > 10:
            if number > 20:
                if number > 30:
                    if number > 40:
                        if number > 50:
                            result.append(
                                ""very-large""
                            )

    return result

numbers = list(range(4))
result = classify(numbers)
print(result)",15,1,1,5,3,1,O(n),O(n),58
"def find_max(numbers):
    return max(numbers)

numbers = list(range(312))
result = find_max(numbers)
print(result)",5,1,0,0,2,0,O(1),O(1),100
"def search(numbers, target):

    for number in numbers:

        if number == target:
            return True

    return False

numbers = list(range(233))
result = search(numbers, 74)
print(result)",8,1,1,1,2,1,O(n),O(1),86
"def analyze_numbers(numbers):

    result = []

    for number in numbers:

        if number > 29:

            if number % 2 == 0:
                result.append(number * 2)

            else:
                result.append(number + 1)

    return result

numbers = list(range(34))
result = analyze_numbers(numbers)
print(result)",12,1,1,2,3,1,O(n),O(n),70
"def classify(numbers):

    result = []

    for number in numbers:

        if number > 10:
            if number > 20:
                if number > 30:
                    if number > 40:
                        if number > 50:
                            result.append(
                                ""very-large""
                            )

    return result

numbers = list(range(8))
result = classify(numbers)
print(result)",15,1,1,5,3,1,O(n),O(n),52
"def filter_numbers(numbers):
    return [
        number for number in numbers
        if number > 36
    ]

numbers = list(range(316))
result = filter_numbers(numbers)
print(result)",8,1,0,0,2,0,O(1),O(n),100
"def search(numbers, target):

    for number in numbers:

        if number == target:
            return True

    return False

numbers = list(range(237))
result = search(numbers, 66)
print(result)",8,1,1,1,2,1,O(n),O(1),88
"def analyze_numbers(numbers):

    result = []

    for number in numbers:

        if number > 33:

            if number % 2 == 0:
                result.append(number * 2)

            else:
                result.append(number + 1)

    return result

numbers = list(range(38))
result = analyze_numbers(numbers)
print(result)",12,1,1,2,3,1,O(n),O(n),71
"def classify(numbers):

    result = []

    for number in numbers:

        if number > 10:
            if number > 20:
                if number > 30:
                    if number > 40:
                        if number > 50:
                            result.append(
                                ""very-large""
                            )

    return result

numbers = list(range(12))
result = classify(numbers)
print(result)",15,1,1,5,3,1,O(n),O(n),58
"def calculate_sum(numbers):
    return sum(numbers)

numbers = list(range(320))
result = calculate_sum(numbers)
print(result)",5,1,0,0,2,0,O(1),O(1),100
"def search(numbers, target):

    for number in numbers:

        if number == target:
            return True

    return False

numbers = list(range(241))
result = search(numbers, 58)
print(result)",8,1,1,1,2,1,O(n),O(1),81
"def analyze_numbers(numbers):

    result = []

    for number in numbers:

        if number > 7:

            if number % 2 == 0:
                result.append(number * 2)

            else:
                result.append(number + 1)

    return result

numbers = list(range(42))
result = analyze_numbers(numbers)
print(result)",12,1,1,2,3,1,O(n),O(n),73
"def classify(numbers):

    result = []

    for number in numbers:

        if number > 10:
            if number > 20:
                if number > 30:
                    if number > 40:
                        if number > 50:
                            result.append(
                                ""very-large""
                            )

    return result

numbers = list(range(6))
result = classify(numbers)
print(result)",15,1,1,5,3,1,O(n),O(n),57
"def find_max(numbers):
    return max(numbers)

numbers = list(range(324))
result = find_max(numbers)
print(result)",5,1,0,0,2,0,O(1),O(1),100
"def search(numbers, target):

    for number in numbers:

        if number == target:
            return True

    return False

numbers = list(range(245))
result = search(numbers, 50)
print(result)",8,1,1,1,2,1,O(n),O(1),88
"def analyze_numbers(numbers):

    result = []

    for number in numbers:

        if number > 11:

            if number % 2 == 0:
                result.append(number * 2)

            else:
                result.append(number + 1)

    return result

numbers = list(range(46))
result = analyze_numbers(numbers)
print(result)",12,1,1,2,3,1,O(n),O(n),76
"def classify(numbers):

    result = []

    for number in numbers:

        if number > 10:
            if number > 20:
                if number > 30:
                    if number > 40:
                        if number > 50:
                            result.append(
                                ""very-large""
                            )

    return result

numbers = list(range(10))
result = classify(numbers)
print(result)",15,1,1,5,3,1,O(n),O(n),52
"def filter_numbers(numbers):
    return [
        number for number in numbers
        if number > 48
    ]

numbers = list(range(328))
result = filter_numbers(numbers)
print(result)",8,1,0,0,2,0,O(1),O(n),100
"def search(numbers, target):

    for number in numbers:

        if number == target:
            return True

    return False

numbers = list(range(249))
result = search(numbers, 42)
print(result)",8,1,1,1,2,1,O(n),O(1),87
"def analyze_numbers(numbers):

    result = []

    for number in numbers:

        if number > 15:

            if number % 2 == 0:
                result.append(number * 2)

            else:
                result.append(number + 1)

    return result

numbers = list(range(50))
result = analyze_numbers(numbers)
print(result)",12,1,1,2,3,1,O(n),O(n),74
"def classify(numbers):

    result = []

    for number in numbers:

        if number > 10:
            if number > 20:
                if number > 30:
                    if number > 40:
                        if number > 50:
                            result.append(
                                ""very-large""
                            )

    return result

numbers = list(range(4))
result = classify(numbers)
print(result)",15,1,1,5,3,1,O(n),O(n),52
"def calculate_sum(numbers):
    return sum(numbers)

numbers = list(range(332))
result = calculate_sum(numbers)
print(result)",5,1,0,0,2,0,O(1),O(1),100
"def search(numbers, target):

    for number in numbers:

        if number == target:
            return True

    return False

numbers = list(range(253))
result = search(numbers, 34)
print(result)",8,1,1,1,2,1,O(n),O(1),88
"def analyze_numbers(numbers):

    result = []

    for number in numbers:

        if number > 19:

            if number % 2 == 0:
                result.append(number * 2)

            else:
                result.append(number + 1)

    return result

numbers = list(range(54))
result = analyze_numbers(numbers)
print(result)",12,1,1,2,3,1,O(n),O(n),78
"def classify(numbers):

    result = []

    for number in numbers:

        if number > 10:
            if number > 20:
                if number > 30:
                    if number > 40:
                        if number > 50:
                            result.append(
                                ""very-large""
                            )

    return result

numbers = list(range(8))
result = classify(numbers)
print(result)",15,1,1,5,3,1,O(n),O(n),63
"def find_max(numbers):
    return max(numbers)

numbers = list(range(336))
result = find_max(numbers)
print(result)",5,1,0,0,2,0,O(1),O(1),100
"def search(numbers, target):

    for number in numbers:

        if number == target:
            return True

    return False

numbers = list(range(257))
result = search(numbers, 26)
print(result)",8,1,1,1,2,1,O(n),O(1),84
"def analyze_numbers(numbers):

    result = []

    for number in numbers:

        if number > 23:

            if number % 2 == 0:
                result.append(number * 2)

            else:
                result.append(number + 1)

    return result

numbers = list(range(58))
result = analyze_numbers(numbers)
print(result)",12,1,1,2,3,1,O(n),O(n),79
"def classify(numbers):

    result = []

    for number in numbers:

        if number > 10:
            if number > 20:
                if number > 30:
                    if number > 40:
                        if number > 50:
                            result.append(
                                ""very-large""
                            )

    return result

numbers = list(range(12))
result = classify(numbers)
print(result)",15,1,1,5,3,1,O(n),O(n),60
"def filter_numbers(numbers):
    return [
        number for number in numbers
        if number > 10
    ]

numbers = list(range(340))
result = filter_numbers(numbers)
print(result)",8,1,0,0,2,0,O(1),O(n),100
"def search(numbers, target):

    for number in numbers:

        if number == target:
            return True

    return False

numbers = list(range(261))
result = search(numbers, 18)
print(result)",8,1,1,1,2,1,O(n),O(1),82
"def analyze_numbers(numbers):

    result = []

    for number in numbers:

        if number > 27:

            if number % 2 == 0:
                result.append(number * 2)

            else:
                result.append(number + 1)

    return result

numbers = list(range(12))
result = analyze_numbers(numbers)
print(result)",12,1,1,2,3,1,O(n),O(n),71
"def classify(numbers):

    result = []

    for number in numbers:

        if number > 10:
            if number > 20:
                if number > 30:
                    if number > 40:
                        if number > 50:
                            result.append(
                                ""very-large""
                            )

    return result

numbers = list(range(6))
result = classify(numbers)
print(result)",15,1,1,5,3,1,O(n),O(n),60
"def calculate_sum(numbers):
    return sum(numbers)

numbers = list(range(344))
result = calculate_sum(numbers)
print(result)",5,1,0,0,2,0,O(1),O(1),100
"def search(numbers, target):

    for number in numbers:

        if number == target:
            return True

    return False

numbers = list(range(265))
result = search(numbers, 10)
print(result)",8,1,1,1,2,1,O(n),O(1),82
"def analyze_numbers(numbers):

    result = []

    for number in numbers:

        if number > 31:

            if number % 2 == 0:
                result.append(number * 2)

            else:
                result.append(number + 1)

    return result

numbers = list(range(16))
result = analyze_numbers(numbers)
print(result)",12,1,1,2,3,1,O(n),O(n),73
"def classify(numbers):

    result = []

    for number in numbers:

        if number > 10:
            if number > 20:
                if number > 30:
                    if number > 40:
                        if number > 50:
                            result.append(
                                ""very-large""
                            )

    return result

numbers = list(range(10))
result = classify(numbers)
print(result)",15,1,1,5,3,1,O(n),O(n),53
"def find_max(numbers):
    return max(numbers)

numbers = list(range(348))
result = find_max(numbers)
print(result)",5,1,0,0,2,0,O(1),O(1),100
"def search(numbers, target):

    for number in numbers:

        if number == target:
            return True

    return False

numbers = list(range(269))
result = search(numbers, 2)
print(result)",8,1,1,1,2,1,O(n),O(1),82
"def analyze_numbers(numbers):

    result = []

    for number in numbers:

        if number > 5:

            if number % 2 == 0:
                result.append(number * 2)

            else:
                result.append(number + 1)

    return result

numbers = list(range(20))
result = analyze_numbers(numbers)
print(result)",12,1,1,2,3,1,O(n),O(n),76
"def classify(numbers):

    result = []

    for number in numbers:

        if number > 10:
            if number > 20:
                if number > 30:
                    if number > 40:
                        if number > 50:
                            result.append(
                                ""very-large""
                            )

    return result

numbers = list(range(4))
result = classify(numbers)
print(result)",15,1,1,5,3,1,O(n),O(n),66
"def filter_numbers(numbers):
    return [
        number for number in numbers
        if number > 22
    ]

numbers = list(range(352))
result = filter_numbers(numbers)
print(result)",8,1,0,0,2,0,O(1),O(n),100
"def search(numbers, target):

    for number in numbers:

        if number == target:
            return True

    return False

numbers = list(range(273))
result = search(numbers, 267)
print(result)",8,1,1,1,2,1,O(n),O(1),87
"def analyze_numbers(numbers):

    result = []

    for number in numbers:

        if number > 9:

            if number % 2 == 0:
                result.append(number * 2)

            else:
                result.append(number + 1)

    return result

numbers = list(range(24))
result = analyze_numbers(numbers)
print(result)",12,1,1,2,3,1,O(n),O(n),77
"def classify(numbers):

    result = []

    for number in numbers:

        if number > 10:
            if number > 20:
                if number > 30:
                    if number > 40:
                        if number > 50:
                            result.append(
                                ""very-large""
                            )

    return result

numbers = list(range(8))
result = classify(numbers)
print(result)",15,1,1,5,3,1,O(n),O(n),61
"def calculate_sum(numbers):
    return sum(numbers)

numbers = list(range(356))
result = calculate_sum(numbers)
print(result)",5,1,0,0,2,0,O(1),O(1),100
"def search(numbers, target):

    for number in numbers:

        if number == target:
            return True

    return False

numbers = list(range(277))
result = search(numbers, 263)
print(result)",8,1,1,1,2,1,O(n),O(1),87
"def analyze_numbers(numbers):

    result = []

    for number in numbers:

        if number > 13:

            if number % 2 == 0:
                result.append(number * 2)

            else:
                result.append(number + 1)

    return result

numbers = list(range(28))
result = analyze_numbers(numbers)
print(result)",12,1,1,2,3,1,O(n),O(n),78
"def classify(numbers):

    result = []

    for number in numbers:

        if number > 10:
            if number > 20:
                if number > 30:
                    if number > 40:
                        if number > 50:
                            result.append(
                                ""very-large""
                            )

    return result

numbers = list(range(12))
result = classify(numbers)
print(result)",15,1,1,5,3,1,O(n),O(n),60
"def find_max(numbers):
    return max(numbers)

numbers = list(range(360))
result = find_max(numbers)
print(result)",5,1,0,0,2,0,O(1),O(1),100
"def search(numbers, target):

    for number in numbers:

        if number == target:
            return True

    return False

numbers = list(range(281))
result = search(numbers, 259)
print(result)",8,1,1,1,2,1,O(n),O(1),87
"def analyze_numbers(numbers):

    result = []

    for number in numbers:

        if number > 17:

            if number % 2 == 0:
                result.append(number * 2)

            else:
                result.append(number + 1)

    return result

numbers = list(range(32))
result = analyze_numbers(numbers)
print(result)",12,1,1,2,3,1,O(n),O(n),78
"def classify(numbers):

    result = []

    for number in numbers:

        if number > 10:
            if number > 20:
                if number > 30:
                    if number > 40:
                        if number > 50:
                            result.append(
                                ""very-large""
                            )

    return result

numbers = list(range(6))
result = classify(numbers)
print(result)",15,1,1,5,3,1,O(n),O(n),67
"def filter_numbers(numbers):
    return [
        number for number in numbers
        if number > 34
    ]

numbers = list(range(364))
result = filter_numbers(numbers)
print(result)",8,1,0,0,2,0,O(1),O(n),100
"def search(numbers, target):

    for number in numbers:

        if number == target:
            return True

    return False

numbers = list(range(285))
result = search(numbers, 255)
print(result)",8,1,1,1,2,1,O(n),O(1),81
"def analyze_numbers(numbers):

    result = []

    for number in numbers:

        if number > 21:

            if number % 2 == 0:
                result.append(number * 2)

            else:
                result.append(number + 1)

    return result

numbers = list(range(36))
result = analyze_numbers(numbers)
print(result)",12,1,1,2,3,1,O(n),O(n),71
"def classify(numbers):

    result = []

    for number in numbers:

        if number > 10:
            if number > 20:
                if number > 30:
                    if number > 40:
                        if number > 50:
                            result.append(
                                ""very-large""
                            )

    return result

numbers = list(range(10))
result = classify(numbers)
print(result)",15,1,1,5,3,1,O(n),O(n),52
"def calculate_sum(numbers):
    return sum(numbers)

numbers = list(range(368))
result = calculate_sum(numbers)
print(result)",5,1,0,0,2,0,O(1),O(1),100
"def search(numbers, target):

    for number in numbers:

        if number == target:
            return True

    return False

numbers = list(range(289))
result = search(numbers, 251)
print(result)",8,1,1,1,2,1,O(n),O(1),88
"def analyze_numbers(numbers):

    result = []

    for number in numbers:

        if number > 25:

            if number % 2 == 0:
                result.append(number * 2)

            else:
                result.append(number + 1)

    return result

numbers = list(range(40))
result = analyze_numbers(numbers)
print(result)",12,1,1,2,3,1,O(n),O(n),77
"def classify(numbers):

    result = []

    for number in numbers:

        if number > 10:
            if number > 20:
                if number > 30:
                    if number > 40:
                        if number > 50:
                            result.append(
                                ""very-large""
                            )

    return result

numbers = list(range(4))
result = classify(numbers)
print(result)",15,1,1,5,3,1,O(n),O(n),58
"def find_max(numbers):
    return max(numbers)

numbers = list(range(372))
result = find_max(numbers)
print(result)",5,1,0,0,2,0,O(1),O(1),100
"def search(numbers, target):

    for number in numbers:

        if number == target:
            return True

    return False

numbers = list(range(293))
result = search(numbers, 247)
print(result)",8,1,1,1,2,1,O(n),O(1),84
"def analyze_numbers(numbers):

    result = []

    for number in numbers:

        if number > 29:

            if number % 2 == 0:
                result.append(number * 2)

            else:
                result.append(number + 1)

    return result

numbers = list(range(44))
result = analyze_numbers(numbers)
print(result)",12,1,1,2,3,1,O(n),O(n),73
"def classify(numbers):

    result = []

    for number in numbers:

        if number > 10:
            if number > 20:
                if number > 30:
                    if number > 40:
                        if number > 50:
                            result.append(
                                ""very-large""
                            )

    return result

numbers = list(range(8))
result = classify(numbers)
print(result)",15,1,1,5,3,1,O(n),O(n),65
"def filter_numbers(numbers):
    return [
        number for number in numbers
        if number > 46
    ]

numbers = list(range(376))
result = filter_numbers(numbers)
print(result)",8,1,0,0,2,0,O(1),O(n),100
"def search(numbers, target):

    for number in numbers:

        if number == target:
            return True

    return False

numbers = list(range(297))
result = search(numbers, 243)
print(result)",8,1,1,1,2,1,O(n),O(1),85
"def analyze_numbers(numbers):

    result = []

    for number in numbers:

        if number > 33:

            if number % 2 == 0:
                result.append(number * 2)

            else:
                result.append(number + 1)

    return result

numbers = list(range(48))
result = analyze_numbers(numbers)
print(result)",12,1,1,2,3,1,O(n),O(n),76
"def classify(numbers):

    result = []

    for number in numbers:

        if number > 10:
            if number > 20:
                if number > 30:
                    if number > 40:
                        if number > 50:
                            result.append(
                                ""very-large""
                            )

    return result

numbers = list(range(12))
result = classify(numbers)
print(result)",15,1,1,5,3,1,O(n),O(n),61
"def calculate_sum(numbers):
    return sum(numbers)

numbers = list(range(380))
result = calculate_sum(numbers)
print(result)",5,1,0,0,2,0,O(1),O(1),100
"def search(numbers, target):

    for number in numbers:

        if number == target:
            return True

    return False

numbers = list(range(21))
result = search(numbers, 1)
print(result)",8,1,1,1,2,1,O(n),O(1),87
"def analyze_numbers(numbers):

    result = []

    for number in numbers:

        if number > 7:

            if number % 2 == 0:
                result.append(number * 2)

            else:
                result.append(number + 1)

    return result

numbers = list(range(52))
result = analyze_numbers(numbers)
print(result)",12,1,1,2,3,1,O(n),O(n),72
"def classify(numbers):

    result = []

    for number in numbers:

        if number > 10:
            if number > 20:
                if number > 30:
                    if number > 40:
                        if number > 50:
                            result.append(
                                ""very-large""
                            )

    return result

numbers = list(range(6))
result = classify(numbers)
print(result)",15,1,1,5,3,1,O(n),O(n),60
"def find_max(numbers):
    return max(numbers)

numbers = list(range(384))
result = find_max(numbers)
print(result)",5,1,0,0,2,0,O(1),O(1),100
"def search(numbers, target):

    for number in numbers:

        if number == target:
            return True

    return False

numbers = list(range(25))
result = search(numbers, 20)
print(result)",8,1,1,1,2,1,O(n),O(1),86
"def analyze_numbers(numbers):

    result = []

    for number in numbers:

        if number > 11:

            if number % 2 == 0:
                result.append(number * 2)

            else:
                result.append(number + 1)

    return result

numbers = list(range(56))
result = analyze_numbers(numbers)
print(result)",12,1,1,2,3,1,O(n),O(n),76
"def classify(numbers):

    result = []

    for number in numbers:

        if number > 10:
            if number > 20:
                if number > 30:
                    if number > 40:
                        if number > 50:
                            result.append(
                                ""very-large""
                            )

    return result

numbers = list(range(10))
result = classify(numbers)
print(result)",15,1,1,5,3,1,O(n),O(n),63
"def filter_numbers(numbers):
    return [
        number for number in numbers
        if number > 58
    ]

numbers = list(range(388))
result = filter_numbers(numbers)
print(result)",8,1,0,0,2,0,O(1),O(n),100
"def search(numbers, target):

    for number in numbers:

        if number == target:
            return True

    return False

numbers = list(range(29))
result = search(numbers, 8)
print(result)",8,1,1,1,2,1,O(n),O(1),88
"def analyze_numbers(numbers):

    result = []

    for number in numbers:

        if number > 15:

            if number % 2 == 0:
                result.append(number * 2)

            else:
                result.append(number + 1)

    return result

numbers = list(range(10))
result = analyze_numbers(numbers)
print(result)",12,1,1,2,3,1,O(n),O(n),78
"def classify(numbers):

    result = []

    for number in numbers:

        if number > 10:
            if number > 20:
                if number > 30:
                    if number > 40:
                        if number > 50:
                            result.append(
                                ""very-large""
                            )

    return result

numbers = list(range(4))
result = classify(numbers)
print(result)",15,1,1,5,3,1,O(n),O(n),58
"def calculate_sum(numbers):
    return sum(numbers)

numbers = list(range(392))
result = calculate_sum(numbers)
print(result)",5,1,0,0,2,0,O(1),O(1),100
"def search(numbers, target):

    for number in numbers:

        if number == target:
            return True

    return False

numbers = list(range(33))
result = search(numbers, 28)
print(result)",8,1,1,1,2,1,O(n),O(1),84
"def analyze_numbers(numbers):

    result = []

    for number in numbers:

        if number > 19:

            if number % 2 == 0:
                result.append(number * 2)

            else:
                result.append(number + 1)

    return result

numbers = list(range(14))
result = analyze_numbers(numbers)
print(result)",12,1,1,2,3,1,O(n),O(n),73
"def classify(numbers):

    result = []

    for number in numbers:

        if number > 10:
            if number > 20:
                if number > 30:
                    if number > 40:
                        if number > 50:
                            result.append(
                                ""very-large""
                            )

    return result

numbers = list(range(8))
result = classify(numbers)
print(result)",15,1,1,5,3,1,O(n),O(n),64
"def find_max(numbers):
    return max(numbers)

numbers = list(range(396))
result = find_max(numbers)
print(result)",5,1,0,0,2,0,O(1),O(1),100
"def search(numbers, target):

    for number in numbers:

        if number == target:
            return True

    return False

numbers = list(range(37))
result = search(numbers, 6)
print(result)",8,1,1,1,2,1,O(n),O(1),84
"def analyze_numbers(numbers):

    result = []

    for number in numbers:

        if number > 23:

            if number % 2 == 0:
                result.append(number * 2)

            else:
                result.append(number + 1)

    return result

numbers = list(range(18))
result = analyze_numbers(numbers)
print(result)",12,1,1,2,3,1,O(n),O(n),74
"def classify(numbers):

    result = []

    for number in numbers:

        if number > 10:
            if number > 20:
                if number > 30:
                    if number > 40:
                        if number > 50:
                            result.append(
                                ""very-large""
                            )

    return result

numbers = list(range(12))
result = classify(numbers)
print(result)",15,1,1,5,3,1,O(n),O(n),59
"def filter_numbers(numbers):
    return [
        number for number in numbers
        if number > 20
    ]

numbers = list(range(400))
result = filter_numbers(numbers)
print(result)",8,1,0,0,2,0,O(1),O(n),100
"def search(numbers, target):

    for number in numbers:

        if number == target:
            return True

    return False

numbers = list(range(41))
result = search(numbers, 0)
print(result)",8,1,1,1,2,1,O(n),O(1),81
"def analyze_numbers(numbers):

    result = []

    for number in numbers:

        if number > 27:

            if number % 2 == 0:
                result.append(number * 2)

            else:
                result.append(number + 1)

    return result

numbers = list(range(22))
result = analyze_numbers(numbers)
print(result)",12,1,1,2,3,1,O(n),O(n),73
"def classify(numbers):

    result = []

    for number in numbers:

        if number > 10:
            if number > 20:
                if number > 30:
                    if number > 40:
                        if number > 50:
                            result.append(
                                ""very-large""
                            )

    return result

numbers = list(range(6))
result = classify(numbers)
print(result)",15,1,1,5,3,1,O(n),O(n),65
"def calculate_sum(numbers):
    return sum(numbers)

numbers = list(range(404))
result = calculate_sum(numbers)
print(result)",5,1,0,0,2,0,O(1),O(1),100
"def search(numbers, target):

    for number in numbers:

        if number == target:
            return True

    return False

numbers = list(range(45))
result = search(numbers, 10)
print(result)",8,1,1,1,2,1,O(n),O(1),88
"def analyze_numbers(numbers):

    result = []

    for number in numbers:

        if number > 31:

            if number % 2 == 0:
                result.append(number * 2)

            else:
                result.append(number + 1)

    return result

numbers = list(range(26))
result = analyze_numbers(numbers)
print(result)",12,1,1,2,3,1,O(n),O(n),74
"def classify(numbers):

    result = []

    for number in numbers:

        if number > 10:
            if number > 20:
                if number > 30:
                    if number > 40:
                        if number > 50:
                            result.append(
                                ""very-large""
                            )

    return result

numbers = list(range(10))
result = classify(numbers)
print(result)",15,1,1,5,3,1,O(n),O(n),57
"def find_max(numbers):
    return max(numbers)

numbers = list(range(408))
result = find_max(numbers)
print(result)",5,1,0,0,2,0,O(1),O(1),100
"def search(numbers, target):

    for number in numbers:

        if number == target:
            return True

    return False

numbers = list(range(49))
result = search(numbers, 36)
print(result)",8,1,1,1,2,1,O(n),O(1),84
"def analyze_numbers(numbers):

    result = []

    for number in numbers:

        if number > 5:

            if number % 2 == 0:
                result.append(number * 2)

            else:
                result.append(number + 1)

    return result

numbers = list(range(30))
result = analyze_numbers(numbers)
print(result)",12,1,1,2,3,1,O(n),O(n),80
"def classify(numbers):

    result = []

    for number in numbers:

        if number > 10:
            if number > 20:
                if number > 30:
                    if number > 40:
                        if number > 50:
                            result.append(
                                ""very-large""
                            )

    return result

numbers = list(range(4))
result = classify(numbers)
print(result)",15,1,1,5,3,1,O(n),O(n),65
"def filter_numbers(numbers):
    return [
        number for number in numbers
        if number > 32
    ]

numbers = list(range(412))
result = filter_numbers(numbers)
print(result)",8,1,0,0,2,0,O(1),O(n),100
"def search(numbers, target):

    for number in numbers:

        if number == target:
            return True

    return False

numbers = list(range(53))
result = search(numbers, 25)
print(result)",8,1,1,1,2,1,O(n),O(1),88
"def analyze_numbers(numbers):

    result = []

    for number in numbers:

        if number > 9:

            if number % 2 == 0:
                result.append(number * 2)

            else:
                result.append(number + 1)

    return result

numbers = list(range(34))
result = analyze_numbers(numbers)
print(result)",12,1,1,2,3,1,O(n),O(n),70
"def classify(numbers):

    result = []

    for number in numbers:

        if number > 10:
            if number > 20:
                if number > 30:
                    if number > 40:
                        if number > 50:
                            result.append(
                                ""very-large""
                            )

    return result

numbers = list(range(8))
result = classify(numbers)
print(result)",15,1,1,5,3,1,O(n),O(n),59
"def calculate_sum(numbers):
    return sum(numbers)

numbers = list(range(416))
result = calculate_sum(numbers)
print(result)",5,1,0,0,2,0,O(1),O(1),100
"def search(numbers, target):

    for number in numbers:

        if number == target:
            return True

    return False

numbers = list(range(57))
result = search(numbers, 22)
print(result)",8,1,1,1,2,1,O(n),O(1),88
"def analyze_numbers(numbers):

    result = []

    for number in numbers:

        if number > 13:

            if number % 2 == 0:
                result.append(number * 2)

            else:
                result.append(number + 1)

    return result

numbers = list(range(38))
result = analyze_numbers(numbers)
print(result)",12,1,1,2,3,1,O(n),O(n),78
"def classify(numbers):

    result = []

    for number in numbers:

        if number > 10:
            if number > 20:
                if number > 30:
                    if number > 40:
                        if number > 50:
                            result.append(
                                ""very-large""
                            )

    return result

numbers = list(range(12))
result = classify(numbers)
print(result)",15,1,1,5,3,1,O(n),O(n),52
"def find_max(numbers):
    return max(numbers)

numbers = list(range(420))
result = find_max(numbers)
print(result)",5,1,0,0,2,0,O(1),O(1),100
"def search(numbers, target):

    for number in numbers:

        if number == target:
            return True

    return False

numbers = list(range(61))
result = search(numbers, 27)
print(result)",8,1,1,1,2,1,O(n),O(1),81
"def analyze_numbers(numbers):

    result = []

    for number in numbers:

        if number > 17:

            if number % 2 == 0:
                result.append(number * 2)

            else:
                result.append(number + 1)

    return result

numbers = list(range(42))
result = analyze_numbers(numbers)
print(result)",12,1,1,2,3,1,O(n),O(n),76
"def classify(numbers):

    result = []

    for number in numbers:

        if number > 10:
            if number > 20:
                if number > 30:
                    if number > 40:
                        if number > 50:
                            result.append(
                                ""very-large""
                            )

    return result

numbers = list(range(6))
result = classify(numbers)
print(result)",15,1,1,5,3,1,O(n),O(n),62
"def filter_numbers(numbers):
    return [
        number for number in numbers
        if number > 44
    ]

numbers = list(range(424))
result = filter_numbers(numbers)
print(result)",8,1,0,0,2,0,O(1),O(n),100
"def search(numbers, target):

    for number in numbers:

        if number == target:
            return True

    return False

numbers = list(range(65))
result = search(numbers, 40)
print(result)",8,1,1,1,2,1,O(n),O(1),82
"def analyze_numbers(numbers):

    result = []

    for number in numbers:

        if number > 21:

            if number % 2 == 0:
                result.append(number * 2)

            else:
                result.append(number + 1)

    return result

numbers = list(range(46))
result = analyze_numbers(numbers)
print(result)",12,1,1,2,3,1,O(n),O(n),70
"def classify(numbers):

    result = []

    for number in numbers:

        if number > 10:
            if number > 20:
                if number > 30:
                    if number > 40:
                        if number > 50:
                            result.append(
                                ""very-large""
                            )

    return result

numbers = list(range(10))
result = classify(numbers)
print(result)",15,1,1,5,3,1,O(n),O(n),52
"def calculate_sum(numbers):
    return sum(numbers)

numbers = list(range(428))
result = calculate_sum(numbers)
print(result)",5,1,0,0,2,0,O(1),O(1),100
"def search(numbers, target):

    for number in numbers:

        if number == target:
            return True

    return False

numbers = list(range(69))
result = search(numbers, 61)
print(result)",8,1,1,1,2,1,O(n),O(1),81
"def analyze_numbers(numbers):

    result = []

    for number in numbers:

        if number > 25:

            if number % 2 == 0:
                result.append(number * 2)

            else:
                result.append(number + 1)

    return result

numbers = list(range(50))
result = analyze_numbers(numbers)
print(result)",12,1,1,2,3,1,O(n),O(n),75
"def classify(numbers):

    result = []

    for number in numbers:

        if number > 10:
            if number > 20:
                if number > 30:
                    if number > 40:
                        if number > 50:
                            result.append(
                                ""very-large""
                            )

    return result

numbers = list(range(4))
result = classify(numbers)
print(result)",15,1,1,5,3,1,O(n),O(n),54
"def find_max(numbers):
    return max(numbers)

numbers = list(range(432))
result = find_max(numbers)
print(result)",5,1,0,0,2,0,O(1),O(1),100
"def search(numbers, target):

    for number in numbers:

        if number == target:
            return True

    return False

numbers = list(range(73))
result = search(numbers, 17)
print(result)",8,1,1,1,2,1,O(n),O(1),83
"def analyze_numbers(numbers):

    result = []

    for number in numbers:

        if number > 29:

            if number % 2 == 0:
                result.append(number * 2)

            else:
                result.append(number + 1)

    return result

numbers = list(range(54))
result = analyze_numbers(numbers)
print(result)",12,1,1,2,3,1,O(n),O(n),70
"def classify(numbers):

    result = []

    for number in numbers:

        if number > 10:
            if number > 20:
                if number > 30:
                    if number > 40:
                        if number > 50:
                            result.append(
                                ""very-large""
                            )

    return result

numbers = list(range(8))
result = classify(numbers)
print(result)",15,1,1,5,3,1,O(n),O(n),64
"def filter_numbers(numbers):
    return [
        number for number in numbers
        if number > 56
    ]

numbers = list(range(436))
result = filter_numbers(numbers)
print(result)",8,1,0,0,2,0,O(1),O(n),100
"def search(numbers, target):

    for number in numbers:

        if number == target:
            return True

    return False

numbers = list(range(77))
result = search(numbers, 50)
print(result)",8,1,1,1,2,1,O(n),O(1),83
"def analyze_numbers(numbers):

    result = []

    for number in numbers:

        if number > 33:

            if number % 2 == 0:
                result.append(number * 2)

            else:
                result.append(number + 1)

    return result

numbers = list(range(58))
result = analyze_numbers(numbers)
print(result)",12,1,1,2,3,1,O(n),O(n),74
"def classify(numbers):

    result = []

    for number in numbers:

        if number > 10:
            if number > 20:
                if number > 30:
                    if number > 40:
                        if number > 50:
                            result.append(
                                ""very-large""
                            )

    return result

numbers = list(range(12))
result = classify(numbers)
print(result)",15,1,1,5,3,1,O(n),O(n),52
"def calculate_sum(numbers):
    return sum(numbers)

numbers = list(range(440))
result = calculate_sum(numbers)
print(result)",5,1,0,0,2,0,O(1),O(1),100
"def search(numbers, target):

    for number in numbers:

        if number == target:
            return True

    return False

numbers = list(range(81))
result = search(numbers, 10)
print(result)",8,1,1,1,2,1,O(n),O(1),82
"def analyze_numbers(numbers):

    result = []

    for number in numbers:

        if number > 7:

            if number % 2 == 0:
                result.append(number * 2)

            else:
                result.append(number + 1)

    return result

numbers = list(range(12))
result = analyze_numbers(numbers)
print(result)",12,1,1,2,3,1,O(n),O(n),72
"def classify(numbers):

    result = []

    for number in numbers:

        if number > 10:
            if number > 20:
                if number > 30:
                    if number > 40:
                        if number > 50:
                            result.append(
                                ""very-large""
                            )

    return result

numbers = list(range(6))
result = classify(numbers)
print(result)",15,1,1,5,3,1,O(n),O(n),66
"def find_max(numbers):
    return max(numbers)

numbers = list(range(444))
result = find_max(numbers)
print(result)",5,1,0,0,2,0,O(1),O(1),100
"def search(numbers, target):

    for number in numbers:

        if number == target:
            return True

    return False

numbers = list(range(85))
result = search(numbers, 55)
print(result)",8,1,1,1,2,1,O(n),O(1),87
"def analyze_numbers(numbers):

    result = []

    for number in numbers:

        if number > 11:

            if number % 2 == 0:
                result.append(number * 2)

            else:
                result.append(number + 1)

    return result

numbers = list(range(16))
result = analyze_numbers(numbers)
print(result)",12,1,1,2,3,1,O(n),O(n),75
"def classify(numbers):

    result = []

    for number in numbers:

        if number > 10:
            if number > 20:
                if number > 30:
                    if number > 40:
                        if number > 50:
                            result.append(
                                ""very-large""
                            )

    return result

numbers = list(range(10))
result = classify(numbers)
print(result)",15,1,1,5,3,1,O(n),O(n),59
"def filter_numbers(numbers):
    return [
        number for number in numbers
        if number > 18
    ]

numbers = list(range(448))
result = filter_numbers(numbers)
print(result)",8,1,0,0,2,0,O(1),O(n),100
"def search(numbers, target):

    for number in numbers:

        if number == target:
            return True

    return False

numbers = list(range(89))
result = search(numbers, 19)
print(result)",8,1,1,1,2,1,O(n),O(1),87
"def analyze_numbers(numbers):

    result = []

    for number in numbers:

        if number > 15:

            if number % 2 == 0:
                result.append(number * 2)

            else:
                result.append(number + 1)

    return result

numbers = list(range(20))
result = analyze_numbers(numbers)
print(result)",12,1,1,2,3,1,O(n),O(n),74
"def classify(numbers):

    result = []

    for number in numbers:

        if number > 10:
            if number > 20:
                if number > 30:
                    if number > 40:
                        if number > 50:
                            result.append(
                                ""very-large""
                            )

    return result

numbers = list(range(4))
result = classify(numbers)
print(result)",15,1,1,5,3,1,O(n),O(n),51
"def calculate_sum(numbers):
    return sum(numbers)

numbers = list(range(452))
result = calculate_sum(numbers)
print(result)",5,1,0,0,2,0,O(1),O(1),100
"def search(numbers, target):

    for number in numbers:

        if number == target:
            return True

    return False

numbers = list(range(93))
result = search(numbers, 76)
print(result)",8,1,1,1,2,1,O(n),O(1),81
"def analyze_numbers(numbers):

    result = []

    for number in numbers:

        if number > 19:

            if number % 2 == 0:
                result.append(number * 2)

            else:
                result.append(number + 1)

    return result

numbers = list(range(24))
result = analyze_numbers(numbers)
print(result)",12,1,1,2,3,1,O(n),O(n),74
"def classify(numbers):

    result = []

    for number in numbers:

        if number > 10:
            if number > 20:
                if number > 30:
                    if number > 40:
                        if number > 50:
                            result.append(
                                ""very-large""
                            )

    return result

numbers = list(range(8))
result = classify(numbers)
print(result)",15,1,1,5,3,1,O(n),O(n),66
"def find_max(numbers):
    return max(numbers)

numbers = list(range(456))
result = find_max(numbers)
print(result)",5,1,0,0,2,0,O(1),O(1),100
"def search(numbers, target):

    for number in numbers:

        if number == target:
            return True

    return False

numbers = list(range(97))
result = search(numbers, 44)
print(result)",8,1,1,1,2,1,O(n),O(1),83
"def analyze_numbers(numbers):

    result = []

    for number in numbers:

        if number > 23:

            if number % 2 == 0:
                result.append(number * 2)

            else:
                result.append(number + 1)

    return result

numbers = list(range(28))
result = analyze_numbers(numbers)
print(result)",12,1,1,2,3,1,O(n),O(n),71
"def classify(numbers):

    result = []

    for number in numbers:

        if number > 10:
            if number > 20:
                if number > 30:
                    if number > 40:
                        if number > 50:
                            result.append(
                                ""very-large""
                            )

    return result

numbers = list(range(12))
result = classify(numbers)
print(result)",15,1,1,5,3,1,O(n),O(n),52
"def filter_numbers(numbers):
    return [
        number for number in numbers
        if number > 30
    ]

numbers = list(range(460))
result = filter_numbers(numbers)
print(result)",8,1,0,0,2,0,O(1),O(n),100
"def search(numbers, target):

    for number in numbers:

        if number == target:
            return True

    return False

numbers = list(range(101))
result = search(numbers, 12)
print(result)",8,1,1,1,2,1,O(n),O(1),81
"def analyze_numbers(numbers):

    result = []

    for number in numbers:

        if number > 27:

            if number % 2 == 0:
                result.append(number * 2)

            else:
                result.append(number + 1)

    return result

numbers = list(range(32))
result = analyze_numbers(numbers)
print(result)",12,1,1,2,3,1,O(n),O(n),80
"def classify(numbers):

    result = []

    for number in numbers:

        if number > 10:
            if number > 20:
                if number > 30:
                    if number > 40:
                        if number > 50:
                            result.append(
                                ""very-large""
                            )

    return result

numbers = list(range(6))
result = classify(numbers)
print(result)",15,1,1,5,3,1,O(n),O(n),61
"def calculate_sum(numbers):
    return sum(numbers)

numbers = list(range(464))
result = calculate_sum(numbers)
print(result)",5,1,0,0,2,0,O(1),O(1),100
"def search(numbers, target):

    for number in numbers:

        if number == target:
            return True

    return False

numbers = list(range(105))
result = search(numbers, 85)
print(result)",8,1,1,1,2,1,O(n),O(1),86
"def analyze_numbers(numbers):

    result = []

    for number in numbers:

        if number > 31:

            if number % 2 == 0:
                result.append(number * 2)

            else:
                result.append(number + 1)

    return result

numbers = list(range(36))
result = analyze_numbers(numbers)
print(result)",12,1,1,2,3,1,O(n),O(n),76
"def classify(numbers):

    result = []

    for number in numbers:

        if number > 10:
            if number > 20:
                if number > 30:
                    if number > 40:
                        if number > 50:
                            result.append(
                                ""very-large""
                            )

    return result

numbers = list(range(10))
result = classify(numbers)
print(result)",15,1,1,5,3,1,O(n),O(n),53
"def find_max(numbers):
    return max(numbers)

numbers = list(range(468))
result = find_max(numbers)
print(result)",5,1,0,0,2,0,O(1),O(1),100
"def search(numbers, target):

    for number in numbers:

        if number == target:
            return True

    return False

numbers = list(range(109))
result = search(numbers, 57)
print(result)",8,1,1,1,2,1,O(n),O(1),81
"def analyze_numbers(numbers):

    result = []

    for number in numbers:

        if number > 5:

            if number % 2 == 0:
                result.append(number * 2)

            else:
                result.append(number + 1)

    return result

numbers = list(range(40))
result = analyze_numbers(numbers)
print(result)",12,1,1,2,3,1,O(n),O(n),79
"def classify(numbers):

    result = []

    for number in numbers:

        if number > 10:
            if number > 20:
                if number > 30:
                    if number > 40:
                        if number > 50:
                            result.append(
                                ""very-large""
                            )

    return result

numbers = list(range(4))
result = classify(numbers)
print(result)",15,1,1,5,3,1,O(n),O(n),67
"def filter_numbers(numbers):
    return [
        number for number in numbers
        if number > 42
    ]

numbers = list(range(472))
result = filter_numbers(numbers)
print(result)",8,1,0,0,2,0,O(1),O(n),100
"def search(numbers, target):

    for number in numbers:

        if number == target:
            return True

    return False

numbers = list(range(113))
result = search(numbers, 29)
print(result)",8,1,1,1,2,1,O(n),O(1),85
"def analyze_numbers(numbers):

    result = []

    for number in numbers:

        if number > 9:

            if number % 2 == 0:
                result.append(number * 2)

            else:
                result.append(number + 1)

    return result

numbers = list(range(44))
result = analyze_numbers(numbers)
print(result)",12,1,1,2,3,1,O(n),O(n),78
"def classify(numbers):

    result = []

    for number in numbers:

        if number > 10:
            if number > 20:
                if number > 30:
                    if number > 40:
                        if number > 50:
                            result.append(
                                ""very-large""
                            )

    return result

numbers = list(range(8))
result = classify(numbers)
print(result)",15,1,1,5,3,1,O(n),O(n),58
"def calculate_sum(numbers):
    return sum(numbers)

numbers = list(range(476))
result = calculate_sum(numbers)
print(result)",5,1,0,0,2,0,O(1),O(1),100
"def search(numbers, target):

    for number in numbers:

        if number == target:
            return True

    return False

numbers = list(range(117))
result = search(numbers, 1)
print(result)",8,1,1,1,2,1,O(n),O(1),88
"def analyze_numbers(numbers):

    result = []

    for number in numbers:

        if number > 13:

            if number % 2 == 0:
                result.append(number * 2)

            else:
                result.append(number + 1)

    return result

numbers = list(range(48))
result = analyze_numbers(numbers)
print(result)",12,1,1,2,3,1,O(n),O(n),72
"def classify(numbers):

    result = []

    for number in numbers:

        if number > 10:
            if number > 20:
                if number > 30:
                    if number > 40:
                        if number > 50:
                            result.append(
                                ""very-large""
                            )

    return result

numbers = list(range(12))
result = classify(numbers)
print(result)",15,1,1,5,3,1,O(n),O(n),54
"def find_max(numbers):
    return max(numbers)

numbers = list(range(480))
result = find_max(numbers)
print(result)",5,1,0,0,2,0,O(1),O(1),100
"def search(numbers, target):

    for number in numbers:

        if number == target:
            return True

    return False

numbers = list(range(121))
result = search(numbers, 94)
print(result)",8,1,1,1,2,1,O(n),O(1),85
"def analyze_numbers(numbers):

    result = []

    for number in numbers:

        if number > 17:

            if number % 2 == 0:
                result.append(number * 2)

            else:
                result.append(number + 1)

    return result

numbers = list(range(52))
result = analyze_numbers(numbers)
print(result)",12,1,1,2,3,1,O(n),O(n),79
"def classify(numbers):

    result = []

    for number in numbers:

        if number > 10:
            if number > 20:
                if number > 30:
                    if number > 40:
                        if number > 50:
                            result.append(
                                ""very-large""
                            )

    return result

numbers = list(range(6))
result = classify(numbers)
print(result)",15,1,1,5,3,1,O(n),O(n),53
"def filter_numbers(numbers):
    return [
        number for number in numbers
        if number > 54
    ]

numbers = list(range(484))
result = filter_numbers(numbers)
print(result)",8,1,0,0,2,0,O(1),O(n),100
"def search(numbers, target):

    for number in numbers:

        if number == target:
            return True

    return False

numbers = list(range(125))
result = search(numbers, 70)
print(result)",8,1,1,1,2,1,O(n),O(1),86
"def analyze_numbers(numbers):

    result = []

    for number in numbers:

        if number > 21:

            if number % 2 == 0:
                result.append(number * 2)

            else:
                result.append(number + 1)

    return result

numbers = list(range(56))
result = analyze_numbers(numbers)
print(result)",12,1,1,2,3,1,O(n),O(n),73
"def classify(numbers):

    result = []

    for number in numbers:

        if number > 10:
            if number > 20:
                if number > 30:
                    if number > 40:
                        if number > 50:
                            result.append(
                                ""very-large""
                            )

    return result

numbers = list(range(10))
result = classify(numbers)
print(result)",15,1,1,5,3,1,O(n),O(n),58
"def calculate_sum(numbers):
    return sum(numbers)

numbers = list(range(488))
result = calculate_sum(numbers)
print(result)",5,1,0,0,2,0,O(1),O(1),100
"def search(numbers, target):

    for number in numbers:

        if number == target:
            return True

    return False

numbers = list(range(129))
result = search(numbers, 46)
print(result)",8,1,1,1,2,1,O(n),O(1),84
"def analyze_numbers(numbers):

    result = []

    for number in numbers:

        if number > 25:

            if number % 2 == 0:
                result.append(number * 2)

            else:
                result.append(number + 1)

    return result

numbers = list(range(10))
result = analyze_numbers(numbers)
print(result)",12,1,1,2,3,1,O(n),O(n),74
"def classify(numbers):

    result = []

    for number in numbers:

        if number > 10:
            if number > 20:
                if number > 30:
                    if number > 40:
                        if number > 50:
                            result.append(
                                ""very-large""
                            )

    return result

numbers = list(range(4))
result = classify(numbers)
print(result)",15,1,1,5,3,1,O(n),O(n),52
"def find_max(numbers):
    return max(numbers)

numbers = list(range(492))
result = find_max(numbers)
print(result)",5,1,0,0,2,0,O(1),O(1),100
"def search(numbers, target):

    for number in numbers:

        if number == target:
            return True

    return False

numbers = list(range(133))
result = search(numbers, 22)
print(result)",8,1,1,1,2,1,O(n),O(1),85
"def analyze_numbers(numbers):

    result = []

    for number in numbers:

        if number > 29:

            if number % 2 == 0:
                result.append(number * 2)

            else:
                result.append(number + 1)

    return result

numbers = list(range(14))
result = analyze_numbers(numbers)
print(result)",12,1,1,2,3,1,O(n),O(n),73
"def classify(numbers):

    result = []

    for number in numbers:

        if number > 10:
            if number > 20:
                if number > 30:
                    if number > 40:
                        if number > 50:
                            result.append(
                                ""very-large""
                            )

    return result

numbers = list(range(8))
result = classify(numbers)
print(result)",15,1,1,5,3,1,O(n),O(n),63
"def filter_numbers(numbers):
    return [
        number for number in numbers
        if number > 16
    ]

numbers = list(range(496))
result = filter_numbers(numbers)
print(result)",8,1,0,0,2,0,O(1),O(n),100
"def search(numbers, target):

    for number in numbers:

        if number == target:
            return True

    return False

numbers = list(range(137))
result = search(numbers, 135)
print(result)",8,1,1,1,2,1,O(n),O(1),85
"def analyze_numbers(numbers):

    result = []

    for number in numbers:

        if number > 33:

            if number % 2 == 0:
                result.append(number * 2)

            else:
                result.append(number + 1)

    return result

numbers = list(range(18))
result = analyze_numbers(numbers)
print(result)",12,1,1,2,3,1,O(n),O(n),71
"def classify(numbers):

    result = []

    for number in numbers:

        if number > 10:
            if number > 20:
                if number > 30:
                    if number > 40:
                        if number > 50:
                            result.append(
                                ""very-large""
                            )

    return result

numbers = list(range(12))
result = classify(numbers)
print(result)",15,1,1,5,3,1,O(n),O(n),51
"def calculate_sum(numbers):
    return sum(numbers)

numbers = list(range(20))
result = calculate_sum(numbers)
print(result)",5,1,0,0,2,0,O(1),O(1),100
"def search(numbers, target):

    for number in numbers:

        if number == target:
            return True

    return False

numbers = list(range(141))
result = search(numbers, 115)
print(result)",8,1,1,1,2,1,O(n),O(1),86
"def analyze_numbers(numbers):

    result = []

    for number in numbers:

        if number > 7:

            if number % 2 == 0:
                result.append(number * 2)

            else:
                result.append(number + 1)

    return result

numbers = list(range(22))
result = analyze_numbers(numbers)
print(result)",12,1,1,2,3,1,O(n),O(n),79
"def classify(numbers):

    result = []

    for number in numbers:

        if number > 10:
            if number > 20:
                if number > 30:
                    if number > 40:
                        if number > 50:
                            result.append(
                                ""very-large""
                            )

    return result

numbers = list(range(6))
result = classify(numbers)
print(result)",15,1,1,5,3,1,O(n),O(n),59
"def find_max(numbers):
    return max(numbers)

numbers = list(range(24))
result = find_max(numbers)
print(result)",5,1,0,0,2,0,O(1),O(1),100
"def search(numbers, target):

    for number in numbers:

        if number == target:
            return True

    return False

numbers = list(range(145))
result = search(numbers, 95)
print(result)",8,1,1,1,2,1,O(n),O(1),83
"def analyze_numbers(numbers):

    result = []

    for number in numbers:

        if number > 11:

            if number % 2 == 0:
                result.append(number * 2)

            else:
                result.append(number + 1)

    return result

numbers = list(range(26))
result = analyze_numbers(numbers)
print(result)",12,1,1,2,3,1,O(n),O(n),72
"def classify(numbers):

    result = []

    for number in numbers:

        if number > 10:
            if number > 20:
                if number > 30:
                    if number > 40:
                        if number > 50:
                            result.append(
                                ""very-large""
                            )

    return result

numbers = list(range(10))
result = classify(numbers)
print(result)",15,1,1,5,3,1,O(n),O(n),59
"def filter_numbers(numbers):
    return [
        number for number in numbers
        if number > 28
    ]

numbers = list(range(28))
result = filter_numbers(numbers)
print(result)",8,1,0,0,2,0,O(1),O(n),100
"def search(numbers, target):

    for number in numbers:

        if number == target:
            return True

    return False

numbers = list(range(149))
result = search(numbers, 75)
print(result)",8,1,1,1,2,1,O(n),O(1),84
"def analyze_numbers(numbers):

    result = []

    for number in numbers:

        if number > 15:

            if number % 2 == 0:
                result.append(number * 2)

            else:
                result.append(number + 1)

    return result

numbers = list(range(30))
result = analyze_numbers(numbers)
print(result)",12,1,1,2,3,1,O(n),O(n),76
"def classify(numbers):

    result = []

    for number in numbers:

        if number > 10:
            if number > 20:
                if number > 30:
                    if number > 40:
                        if number > 50:
                            result.append(
                                ""very-large""
                            )

    return result

numbers = list(range(4))
result = classify(numbers)
print(result)",15,1,1,5,3,1,O(n),O(n),52
"def calculate_sum(numbers):
    return sum(numbers)

numbers = list(range(32))
result = calculate_sum(numbers)
print(result)",5,1,0,0,2,0,O(1),O(1),100
"def search(numbers, target):

    for number in numbers:

        if number == target:
            return True

    return False

numbers = list(range(153))
result = search(numbers, 55)
print(result)",8,1,1,1,2,1,O(n),O(1),81
"def analyze_numbers(numbers):

    result = []

    for number in numbers:

        if number > 19:

            if number % 2 == 0:
                result.append(number * 2)

            else:
                result.append(number + 1)

    return result

numbers = list(range(34))
result = analyze_numbers(numbers)
print(result)",12,1,1,2,3,1,O(n),O(n),72
"def classify(numbers):

    result = []

    for number in numbers:

        if number > 10:
            if number > 20:
                if number > 30:
                    if number > 40:
                        if number > 50:
                            result.append(
                                ""very-large""
                            )

    return result

numbers = list(range(8))
result = classify(numbers)
print(result)",15,1,1,5,3,1,O(n),O(n),52
"def find_max(numbers):
    return max(numbers)

numbers = list(range(36))
result = find_max(numbers)
print(result)",5,1,0,0,2,0,O(1),O(1),100
"def search(numbers, target):

    for number in numbers:

        if number == target:
            return True

    return False

numbers = list(range(157))
result = search(numbers, 35)
print(result)",8,1,1,1,2,1,O(n),O(1),83
"def analyze_numbers(numbers):

    result = []

    for number in numbers:

        if number > 23:

            if number % 2 == 0:
                result.append(number * 2)

            else:
                result.append(number + 1)

    return result

numbers = list(range(38))
result = analyze_numbers(numbers)
print(result)",12,1,1,2,3,1,O(n),O(n),72
"def classify(numbers):

    result = []

    for number in numbers:

        if number > 10:
            if number > 20:
                if number > 30:
                    if number > 40:
                        if number > 50:
                            result.append(
                                ""very-large""
                            )

    return result

numbers = list(range(12))
result = classify(numbers)
print(result)",15,1,1,5,3,1,O(n),O(n),55
"def filter_numbers(numbers):
    return [
        number for number in numbers
        if number > 40
    ]

numbers = list(range(40))
result = filter_numbers(numbers)
print(result)",8,1,0,0,2,0,O(1),O(n),100
"def search(numbers, target):

    for number in numbers:

        if number == target:
            return True

    return False

numbers = list(range(161))
result = search(numbers, 15)
print(result)",8,1,1,1,2,1,O(n),O(1),83
"def analyze_numbers(numbers):

    result = []

    for number in numbers:

        if number > 27:

            if number % 2 == 0:
                result.append(number * 2)

            else:
                result.append(number + 1)

    return result

numbers = list(range(42))
result = analyze_numbers(numbers)
print(result)",12,1,1,2,3,1,O(n),O(n),77
"def classify(numbers):

    result = []

    for number in numbers:

        if number > 10:
            if number > 20:
                if number > 30:
                    if number > 40:
                        if number > 50:
                            result.append(
                                ""very-large""
                            )

    return result

numbers = list(range(6))
result = classify(numbers)
print(result)",15,1,1,5,3,1,O(n),O(n),60
"def calculate_sum(numbers):
    return sum(numbers)

numbers = list(range(44))
result = calculate_sum(numbers)
print(result)",5,1,0,0,2,0,O(1),O(1),100
"def search(numbers, target):

    for number in numbers:

        if number == target:
            return True

    return False

numbers = list(range(165))
result = search(numbers, 160)
print(result)",8,1,1,1,2,1,O(n),O(1),82
"def analyze_numbers(numbers):

    result = []

    for number in numbers:

        if number > 31:

            if number % 2 == 0:
                result.append(number * 2)

            else:
                result.append(number + 1)

    return result

numbers = list(range(46))
result = analyze_numbers(numbers)
print(result)",12,1,1,2,3,1,O(n),O(n),77
"def classify(numbers):

    result = []

    for number in numbers:

        if number > 10:
            if number > 20:
                if number > 30:
                    if number > 40:
                        if number > 50:
                            result.append(
                                ""very-large""
                            )

    return result

numbers = list(range(10))
result = classify(numbers)
print(result)",15,1,1,5,3,1,O(n),O(n),54
"def find_max(numbers):
    return max(numbers)

numbers = list(range(48))
result = find_max(numbers)
print(result)",5,1,0,0,2,0,O(1),O(1),100
"def search(numbers, target):

    for number in numbers:

        if number == target:
            return True

    return False

numbers = list(range(169))
result = search(numbers, 144)
print(result)",8,1,1,1,2,1,O(n),O(1),83
"def analyze_numbers(numbers):

    result = []

    for number in numbers:

        if number > 5:

            if number % 2 == 0:
                result.append(number * 2)

            else:
                result.append(number + 1)

    return result

numbers = list(range(50))
result = analyze_numbers(numbers)
print(result)",12,1,1,2,3,1,O(n),O(n),73
"def classify(numbers):

    result = []

    for number in numbers:

        if number > 10:
            if number > 20:
                if number > 30:
                    if number > 40:
                        if number > 50:
                            result.append(
                                ""very-large""
                            )

    return result

numbers = list(range(4))
result = classify(numbers)
print(result)",15,1,1,5,3,1,O(n),O(n),55
"def filter_numbers(numbers):
    return [
        number for number in numbers
        if number > 52
    ]

numbers = list(range(52))
result = filter_numbers(numbers)
print(result)",8,1,0,0,2,0,O(1),O(n),100
"def search(numbers, target):

    for number in numbers:

        if number == target:
            return True

    return False

numbers = list(range(173))
result = search(numbers, 128)
print(result)",8,1,1,1,2,1,O(n),O(1),86
"def analyze_numbers(numbers):

    result = []

    for number in numbers:

        if number > 9:

            if number % 2 == 0:
                result.append(number * 2)

            else:
                result.append(number + 1)

    return result

numbers = list(range(54))
result = analyze_numbers(numbers)
print(result)",12,1,1,2,3,1,O(n),O(n),73
"def classify(numbers):

    result = []

    for number in numbers:

        if number > 10:
            if number > 20:
                if number > 30:
                    if number > 40:
                        if number > 50:
                            result.append(
                                ""very-large""
                            )

    return result

numbers = list(range(8))
result = classify(numbers)
print(result)",15,1,1,5,3,1,O(n),O(n),66
"def calculate_sum(numbers):
    return sum(numbers)

numbers = list(range(56))
result = calculate_sum(numbers)
print(result)",5,1,0,0,2,0,O(1),O(1),100
"def search(numbers, target):

    for number in numbers:

        if number == target:
            return True

    return False

numbers = list(range(177))
result = search(numbers, 112)
print(result)",8,1,1,1,2,1,O(n),O(1),83
"def analyze_numbers(numbers):

    result = []

    for number in numbers:

        if number > 13:

            if number % 2 == 0:
                result.append(number * 2)

            else:
                result.append(number + 1)

    return result

numbers = list(range(58))
result = analyze_numbers(numbers)
print(result)",12,1,1,2,3,1,O(n),O(n),79
"def classify(numbers):

    result = []

    for number in numbers:

        if number > 10:
            if number > 20:
                if number > 30:
                    if number > 40:
                        if number > 50:
                            result.append(
                                ""very-large""
                            )

    return result

numbers = list(range(12))
result = classify(numbers)
print(result)",15,1,1,5,3,1,O(n),O(n),53
